Rank,Player,Owned?,Team,Position,FHG Value,Games Played,SV%,GAA,W,SO,,G,A,P,+/-,PIM,SOG,GWG,PPP,SHP,SHG,HITS,BKS,FOW
1,Braden Holtby,&nbsp,WSH,G,285,65,0.931,2.06,46,5,, , , , , , , , , , , , ,
2,Carey Price,&nbsp,MTL,G,268,62,0.931,2.07,39,8,, , , , , , , , , , , , ,
3,Jamie Benn,&nbsp,DAL,LW,207,81, , , , ,,38,49,87,10,64,269,5,30,4,2,136,57,309
4,Brent Burns,&nbsp,SJS,D,201,78, , , , ,,24,47,71,20,58,307,3,28,1,0,116,138,21
5,John Gibson,&nbsp,ANA,G,201,61,0.929,2.07,31,5,, , , , , , , , , , , , ,
6,Alex Ovechkin,&nbsp,WSH,LW,195,79, , , , ,,52,26,78,20,55,398,10,27,0,0,221,32,1
7,Martin Jones,&nbsp,SJS,G,192,66,0.923,2.06,37,5,, , , , , , , , , , , , ,
8,Ben Bishop,&nbsp,TBL,G,185,60,0.925,2.17,37,5,, , , , , , , , , , , , ,
9,Erik Karlsson,&nbsp,OTT,D,179,82, , , , ,,15,63,78,10,42,210,2,31,0,0,88,123,0
10,Cory Schneider,&nbsp,NJD,G,172,60,0.926,2.07,29,5,, , , , , , , , , , , , ,
11,Tuukka Rask,&nbsp,BOS,G,169,64,0.926,2.13,32,4,, , , , , , , , , , , , ,
12,Blake Wheeler,&nbsp,WPG,RW,161,81, , , , ,,25,52,77,10,62,227,5,27,3,2,126,58,16
13,P.K. Subban,&nbsp,NSH,D,157,76, , , , ,,14,45,59,20,78,248,3,24,0,0,105,109,0
14,Kris Letang,&nbsp,PIT,D,155,70, , , , ,,14,48,62,20,68,193,1,25,2,0,116,116,0
15,Joe Pavelski,&nbsp,SJS,C/RW,153,82, , , , ,,36,38,74,20,30,220,6,26,1,0,123,76,611
16,Dustin Byfuglien,&nbsp,WPG,D,151,76, , , , ,,19,31,50,0,104,237,3,20,1,0,187,99,0
17,Oliver Ekman-Larsson,&nbsp,ARI,D,149,79, , , , ,,20,34,54,0,86,234,7,22,0,0,161,77,0
18,Roman Josi,&nbsp,NSH,D,147,80, , , , ,,14,47,61,20,36,189,3,24,2,0,58,190,0
19,Petr Mrazek,&nbsp,DET,G,145,55,0.926,2.08,26,3,, , , , , , , , , , , , ,
20,Henrik Lundqvist,&nbsp,NYR,G,142,60,0.924,2.2,33,3,, , , , , , , , , , , , ,
21,Connor Hellebuyck,&nbsp,WPG,G,142,55,0.925,2.19,31,3,, , , , , , , , , , , , ,
22,Corey Crawford,&nbsp,CHI,G,136,58,0.923,2.23,33,4,, , , , , , , , , , , , ,
23,Drew Doughty,&nbsp,LAK,D,136,81, , , , ,,13,38,51,20,56,249,3,20,2,0,136,100,0
24,Jake Allen,&nbsp,STL,G,132,57,0.919,2.18,32,7,, , , , , , , , , , , , ,
25,Patrick Kane,&nbsp,CHI,RW,132,72, , , , ,,38,47,85,20,28,261,7,30,0,0,32,19,6
26,Jonathan Quick,&nbsp,LAK,G,132,69,0.918,2.21,37,5,, , , , , , , , , , , , ,
27,John Tavares,&nbsp,NYI,C,131,81, , , , ,,36,43,79,10,42,271,6,28,0,0,53,31,757
28,Claude Giroux,&nbsp,PHI,C,127,80, , , , ,,25,46,71,0,47,248,5,25,1,0,90,40,1021
29,John Carlson,&nbsp,WSH,D,126,75, , , , ,,12,43,55,20,26,210,3,22,1,0,70,165,0
30,David Backes,&nbsp,BOS,RW,125,79, , , , ,,25,25,50,10,96,174,3,18,0,0,253,63,630
31,Shea Weber,&nbsp,MTL,D,125,78, , , , ,,18,29,47,10,52,193,2,19,1,0,172,153,0
32,Mark Giordano,&nbsp,CGY,D,124,70, , , , ,,18,33,51,20,50,215,2,20,2,1,68,144,0
33,Patrice Bergeron,&nbsp,BOS,C,124,80, , , , ,,29,34,63,10,46,259,6,22,3,1,63,58,1102
34,Vladimir Tarasenko,&nbsp,STL,RW,120,75, , , , ,,40,37,77,20,36,282,7,27,0,0,33,26,1
35,Justin Faulk,&nbsp,CAR,D,119,75, , , , ,,16,33,49,-10,38,253,4,20,1,1,137,95,0
36,Jake Muzzin,&nbsp,LAK,D,119,78, , , , ,,9,33,42,20,60,216,2,17,1,0,173,129,0
37,Max Pacioretty,&nbsp,MTL,LW,117,79, , , , ,,33,32,65,10,34,272,8,23,2,2,97,36,5
38,Ryan Kesler,&nbsp,ANA,C,116,78, , , , ,,22,33,55,0,84,203,4,19,2,1,164,78,874
39,Filip Forsberg,&nbsp,NSH,LW,116,82, , , , ,,32,37,69,10,44,269,5,24,1,0,111,41,2
40,Wayne Simmonds,&nbsp,PHI,RW,115,79, , , , ,,29,28,57,0,125,204,5,20,0,0,182,36,3
41,Dougie Hamilton,&nbsp,CGY,D,114,75, , , , ,,13,39,52,20,48,221,3,21,0,0,83,98,0
42,Cam Talbot,&nbsp,EDM,G,113,62,0.923,2.38,34,4,, , , , , , , , , , , , ,
43,Brad Marchand,&nbsp,BOS,LW,112,79, , , , ,,33,25,58,20,88,222,6,15,5,4,71,32,13
44,Milan Lucic,&nbsp,EDM,LW,112,80, , , , ,,28,30,58,0,87,189,6,20,0,0,248,23,34
45,Jonathan Toews,&nbsp,CHI,C,111,79, , , , ,,28,33,61,20,58,188,7,15,5,3,80,38,917
46,Ryan Getzlaf,&nbsp,ANA,C,110,77, , , , ,,19,52,71,0,60,158,5,25,1,0,104,65,642
47,Anze Kopitar,&nbsp,LAK,C,110,81, , , , ,,25,47,72,20,18,183,7,25,1,0,90,50,828
48,Steven Stamkos,&nbsp,TBL,C,109,78, , , , ,,40,28,68,20,42,234,7,24,2,1,101,34,474
49,Connor McDavid,&nbsp,EDM,C,108,68, , , , ,,31,52,83,0,38,203,10,29,0,0,27,20,376
50,Ryan Johansen,&nbsp,NSH,C,107,82, , , , ,,20,49,69,10,57,171,2,24,1,1,118,33,738
51,Gabriel Landeskog,&nbsp,COL,LW,106,80, , , , ,,22,39,61,0,72,193,3,21,1,0,178,63,20
52,Nicklas Backstrom,&nbsp,WSH,C,106,80, , , , ,,19,56,75,20,40,162,3,26,0,0,71,53,748
53,Steve Mason,&nbsp,PHI,G,106,55,0.925,2.34,28,4,, , , , , , , , , , , , ,
54,Tyler Toffoli,&nbsp,LAK,C/RW,104,80, , , , ,,31,34,65,20,26,252,6,23,3,2,75,18,2
55,Frederik Andersen,&nbsp,TOR,G,102,56,0.925,2.33,28,3,, , , , , , , , , , , , ,
56,John Klingberg,&nbsp,DAL,D,102,77, , , , ,,13,45,58,20,28,167,4,23,0,0,54,79,0
57,Kevin Shattenkirk,&nbsp,STL,D,102,71, , , , ,,12,38,50,20,50,189,3,20,1,0,67,97,0
58,Corey Perry,&nbsp,ANA,RW,101,79, , , , ,,35,32,67,0,73,219,5,23,0,0,89,35,5
59,Johnny Gaudreau,&nbsp,CGY,LW,100,78, , , , ,,30,51,81,0,22,210,5,28,0,0,31,25,2
60,Andrew Ladd,&nbsp,NYI,LW,100,79, , , , ,,24,34,58,10,60,198,4,20,2,1,174,38,13
61,Ryan Suter,&nbsp,MIN,D,99,81, , , , ,,8,40,48,10,36,217,1,19,1,0,70,130,0
62,Tyler Seguin,&nbsp,DAL,C,97,74, , , , ,,35,38,73,10,20,279,6,26,0,0,82,26,340
63,Taylor Hall,&nbsp,NJD,LW,97,72, , , , ,,27,37,64,10,50,280,3,22,0,0,86,41,33
64,Evander Kane,&nbsp,BUF,LW,97,66, , , , ,,22,24,46,0,87,290,4,12,3,2,180,29,55
65,Keith Yandle,&nbsp,FLA,D,97,82, , , , ,,7,43,50,20,48,233,2,20,0,0,36,85,0
66,Ryan McDonagh,&nbsp,NYR,D,96,74, , , , ,,12,31,43,20,28,174,2,17,3,1,95,141,0
67,Brayden Schenn,&nbsp,PHI,C/LW,94,77, , , , ,,24,37,61,0,37,192,6,21,0,0,185,34,137
68,Dion Phaneuf,&nbsp,OTT,D,94,73, , , , ,,5,29,34,10,97,142,0,14,1,0,189,123,0
69,Jack Eichel,&nbsp,BUF,C,94,81, , , , ,,30,42,72,0,24,298,6,25,0,0,49,32,402
70,Nikita Kucherov,&nbsp,TBL,RW,93,80, , , , ,,31,39,70,20,32,229,4,25,0,0,63,28,0
71,Artemy Panarin,&nbsp,CHI,LW,93,79, , , , ,,28,46,74,20,34,175,7,26,0,0,51,16,0
72,Rick Nash,&nbsp,NYR,LW,93,75, , , , ,,30,28,58,10,36,271,8,20,3,2,62,30,1
73,Victor Hedman,&nbsp,TBL,D,92,71, , , , ,,11,37,48,20,46,155,1,19,2,0,58,124,0
74,Jakub Voracek,&nbsp,PHI,LW/RW,91,79, , , , ,,21,47,68,0,42,251,3,24,0,0,55,37,4
75,Pekka Rinne,&nbsp,NSH,G,90,65,0.917,2.32,35,4,, , , , , , , , , , , , ,
76,Nathan MacKinnon,&nbsp,COL,C/RW,89,75, , , , ,,21,43,64,0,28,241,5,22,0,0,50,47,310
77,Tyler Johnson,&nbsp,TBL,C,86,75, , , , ,,24,41,65,20,24,197,6,23,2,2,58,33,536
78,Derek Stepan,&nbsp,NYR,C,86,74, , , , ,,23,41,64,10,20,232,4,22,4,2,39,38,580
79,Aaron Ekblad,&nbsp,FLA,D,85,78, , , , ,,14,30,44,20,40,183,4,18,0,0,98,88,0
80,Alex Pietrangelo,&nbsp,STL,D,83,78, , , , ,,7,38,45,20,26,172,1,18,1,0,55,149,0
81,Evgeny Kuznetsov,&nbsp,WSH,C,82,81, , , , ,,18,52,70,20,34,181,3,25,1,0,81,28,386
82,Morgan Rielly,&nbsp,TOR,D,81,79, , , , ,,10,35,45,0,30,216,0,18,0,0,85,118,0
83,Sidney Crosby,&nbsp,PIT,C,80,60, , , , ,,27,41,67,20,35,200,6,20,0,0,58,32,663
84,Tyson Barrie,&nbsp,COL,D,80,77, , , , ,,13,39,52,0,35,141,3,21,1,0,60,77,0
85,Troy Brouwer,&nbsp,CGY,RW,80,82, , , , ,,20,28,48,0,65,140,3,17,1,1,226,47,180
86,Joe Thornton,&nbsp,SJS,C,80,81, , , , ,,18,53,71,20,48,146,4,25,0,0,45,30,525
87,Adam Larsson,&nbsp,EDM,D,79,74, , , , ,,4,34,38,10,70,101,2,15,3,0,122,118,0
88,Rasmus Ristolainen,&nbsp,BUF,D,79,78, , , , ,,10,30,40,-10,37,197,1,16,0,0,130,136,0
89,T.J. Oshie,&nbsp,WSH,RW,79,77, , , , ,,25,29,54,20,40,189,5,19,1,1,129,51,56
90,Phil Kessel,&nbsp,PIT,RW,78,82, , , , ,,30,35,65,20,24,293,5,23,0,0,17,13,2
91,Kyle Okposo,&nbsp,BUF,RW,77,73, , , , ,,24,37,61,0,53,212,4,21,0,0,83,33,70
92,Sean Monahan,&nbsp,CGY,C,76,81, , , , ,,29,39,68,0,20,191,5,24,1,0,40,36,774
93,James van Riemsdyk,&nbsp,TOR,LW,76,76, , , , ,,28,28,56,0,45,259,3,20,2,1,90,25,26
94,Mark Stone,&nbsp,OTT,RW,76,76, , , , ,,24,41,65,10,32,156,3,23,2,1,53,49,7
95,Erik Johnson,&nbsp,COL,D,75,69, , , , ,,11,21,32,0,52,154,1,13,1,1,119,186,0
96,Duncan Keith,&nbsp,CHI,D,75,76, , , , ,,9,37,46,20,26,180,3,18,1,0,29,110,0
97,Brent Seabrook,&nbsp,CHI,D,75,81, , , , ,,8,30,38,20,30,137,1,15,1,0,129,153,0
98,Jeff Carter,&nbsp,LAK,C,75,77, , , , ,,26,32,58,20,30,236,5,20,2,1,81,33,520
99,Patric Hornqvist,&nbsp,PIT,RW,73,74, , , , ,,25,27,52,20,36,263,5,18,0,0,130,36,2
100,Jordan Staal,&nbsp,CAR,C/LW,72,81, , , , ,,18,30,48,-10,34,179,3,12,3,0,165,32,813
101,Scott Hartnell,&nbsp,CBJ,LW,72,78, , , , ,,24,25,49,-10,108,190,2,17,0,0,162,39,4
102,Boone Jenner,&nbsp,CBJ,C/LW,71,73, , , , ,,25,21,46,-10,73,198,5,12,0,0,208,64,127
103,Ryan O'Reilly,&nbsp,BUF,C/LW,71,79, , , , ,,23,41,64,0,10,184,3,16,1,1,28,45,654
104,Jean-gabriel Pageau,&nbsp,OTT,C,71,79, , , , ,,20,26,46,20,26,168,3,12,8,4,160,44,527
105,Sergei Bobrovsky,&nbsp,CBJ,G,70,52,0.923,2.4,28,2,, , , , , , , , , , , , ,
106,Alexander Radulov,&nbsp,MTL,RW,70,74, , , , ,,22,40,62,0,63,183,2,25,0,0,44,34,0
107,Daniel Sedin,&nbsp,VAN,LW,70,79, , , , ,,26,37,63,-10,34,288,6,22,0,0,19,17,5
108,Ondrej Palat,&nbsp,TBL,LW,70,73, , , , ,,18,37,55,20,22,138,4,19,3,2,128,48,6
109,Seth Jones,&nbsp,CBJ,D,69,80, , , , ,,6,38,44,-10,26,134,1,18,1,0,100,128,0
110,Kyle Palmieri,&nbsp,NJD,RW,69,75, , , , ,,28,25,53,0,42,232,6,19,0,0,118,47,9
111,Chris Kreider,&nbsp,NYR,LW,69,77, , , , ,,24,27,51,10,69,192,3,18,0,0,162,32,8
112,Marc-Edouard Vlasic,&nbsp,SJS,D,69,73, , , , ,,9,30,39,20,50,144,1,16,2,0,46,135,0
113,Cam Atkinson,&nbsp,CBJ,RW,68,79, , , , ,,27,30,57,-10,24,252,6,20,2,1,54,40,2
114,Patrik Laine,&nbsp,WPG,RW,67,80, , , , ,,32,28,60,0,10,267,3,18,0,0,120,40,0
115,Bobby Ryan,&nbsp,OTT,RW,67,77, , , , ,,24,36,60,10,36,226,4,15,0,0,111,30,5
116,Mika Zibanejad,&nbsp,NYR,C/RW,67,79, , , , ,,22,30,52,10,20,188,3,13,1,1,134,42,500
117,Kyle Turris,&nbsp,OTT,C,67,77, , , , ,,25,31,56,10,38,219,5,20,2,1,45,33,696
118,Mats Zuccarello,&nbsp,NYR,RW,66,79, , , , ,,23,34,57,10,36,187,4,20,0,0,108,51,8
119,Brayden McNabb,&nbsp,LAK,D,66,79, , , , ,,3,24,27,10,96,131,2,8,1,0,196,92,0
120,Mark Scheifele,&nbsp,WPG,C,66,72, , , , ,,28,35,63,20,46,228,3,16,0,0,72,45,446
121,Sami Vatanen,&nbsp,ANA,D,66,74, , , , ,,12,32,44,0,30,149,1,18,0,0,87,110,0
122,Evgeni Malkin,&nbsp,PIT,C,66,65, , , , ,,29,35,64,20,63,210,5,22,0,0,26,24,328
123,Michael Stone,&nbsp,ARI,D,66,74, , , , ,,7,26,33,-10,58,169,1,13,0,0,135,140,0
124,Radko Gudas,&nbsp,PHI,D,66,75, , , , ,,4,13,17,0,119,131,1,0,0,0,289,143,0
125,Nazem Kadri,&nbsp,TOR,C,66,76, , , , ,,21,32,53,-10,69,223,2,19,0,0,127,43,562
126,Andrei Markov,&nbsp,MTL,D,65,81, , , , ,,6,38,44,10,36,104,1,18,1,0,50,140,0
127,Brandon Dubinsky,&nbsp,CBJ,C,65,69, , , , ,,16,32,48,-10,65,155,2,17,2,1,203,33,628
128,Craig Anderson,&nbsp,OTT,G,65,58,0.923,2.48,30,2,, , , , , , , , , , , , ,
129,Colton Parayko,&nbsp,STL,D,65,78, , , , ,,10,28,38,20,32,183,3,11,0,0,101,120,0
130,Shayne Gostisbehere,&nbsp,PHI,D,64,74, , , , ,,15,35,50,0,28,136,4,20,0,0,30,81,1
131,James Neal,&nbsp,NSH,RW,64,72, , , , ,,28,21,49,20,65,252,4,17,0,0,99,27,7
132,Brian Elliott,&nbsp,CGY,G,64,54,0.921,2.29,25,2,, , , , , , , , , , , , ,
133,David Savard,&nbsp,CBJ,D,62,73, , , , ,,9,27,36,-10,58,134,2,11,0,0,145,125,1
134,Matt Niskanen,&nbsp,WSH,D,61,81, , , , ,,5,29,34,20,42,112,2,10,0,0,155,143,0
135,Logan Couture,&nbsp,SJS,C,60,68, , , , ,,23,33,56,20,20,224,5,20,2,1,42,63,419
136,TJ Brodie,&nbsp,CGY,D,58,77, , , , ,,7,37,44,20,24,105,2,13,3,0,22,145,0
137,Jaden Schwartz,&nbsp,STL,LW,58,70, , , , ,,25,34,59,20,18,178,2,21,2,1,53,38,47
138,Vincent Trocheck,&nbsp,FLA,C,58,75, , , , ,,24,30,54,20,42,195,3,14,1,1,132,37,486
139,Anton Stralman,&nbsp,TBL,D,57,79, , , , ,,9,31,40,20,26,174,0,16,0,0,100,77,0
140,Jason Spezza,&nbsp,DAL,C,57,77, , , , ,,28,32,60,10,30,241,5,21,0,0,17,23,662
141,Anders Lee,&nbsp,NYI,LW,57,80, , , , ,,20,28,48,10,54,183,4,17,0,0,170,28,1
142,Alex Galchenyuk,&nbsp,MTL,C,56,76, , , , ,,31,34,65,10,28,233,3,23,0,0,62,36,149
143,Nick Foligno,&nbsp,CBJ,LW,56,74, , , , ,,22,30,52,-10,54,159,4,13,0,0,181,44,72
144,Nick Leddy,&nbsp,NYI,D,56,80, , , , ,,9,35,44,0,20,149,1,18,0,0,78,89,0
145,Tomas Plekanec,&nbsp,MTL,C,56,82, , , , ,,16,38,54,10,38,170,3,14,2,2,54,48,804
146,Jacob Trouba,&nbsp,WPG,D,55,74, , , , ,,8,20,28,20,54,135,0,8,1,1,132,151,0
147,Thomas Greiss,&nbsp,NYI,G,55,36,0.924,2.26,19,1,, , , , , , , , , , , , ,
148,Devan Dubnyk,&nbsp,MIN,G,55,65,0.916,2.43,32,5,, , , , , , , , , , , , ,
149,Hampus Lindholm,&nbsp,ANA,D,55,79, , , , ,,10,28,38,0,50,162,1,15,0,0,61,114,0
150,Derick Brassard,&nbsp,OTT,C,55,80, , , , ,,22,37,59,10,38,175,4,15,0,0,122,23,603
151,Aleksander Barkov,&nbsp,FLA,C,55,68, , , , ,,27,33,60,20,12,198,6,21,1,0,51,40,509
152,Jordan Eberle,&nbsp,EDM,RW,55,78, , , , ,,26,38,64,0,20,188,3,22,0,0,48,30,5
153,Zach Parise,&nbsp,MIN,LW,54,70, , , , ,,26,29,55,0,38,221,4,19,0,0,71,46,4
154,Matt Duchene,&nbsp,COL,C,54,76, , , , ,,27,31,58,0,20,228,6,20,0,0,52,55,529
155,Jaroslav Halak,&nbsp,NYI,G,54,49,0.92,2.34,25,3,, , , , , , , , , , , , ,
156,Johnny Boychuk,&nbsp,NYI,D,54,72, , , , ,,9,16,25,20,40,195,1,8,1,0,149,140,1
157,Auston Matthews,&nbsp,TOR,C,53,80, , , , ,,30,32,62,0,26,250,2,19,0,0,80,40,324
158,Mike Hoffman,&nbsp,OTT,LW,53,78, , , , ,,30,28,58,10,20,255,4,20,0,0,38,30,9
159,Jakob Silfverberg,&nbsp,ANA,RW,51,81, , , , ,,20,28,48,20,36,243,2,12,3,1,74,49,11
160,Mattias Ekholm,&nbsp,NSH,D,51,80, , , , ,,9,29,38,10,42,145,2,11,2,0,66,102,0
161,Jonathan Huberdeau,&nbsp,FLA,LW,49,67, , , , ,,17,41,58,20,36,174,1,20,0,0,62,35,4
162,Adam Henrique,&nbsp,NJD,C,49,77, , , , ,,25,30,55,20,28,145,5,14,4,2,69,51,429
163,Mike Green,&nbsp,DET,D,48,73, , , , ,,8,31,39,-10,42,140,1,16,0,0,104,70,0
164,JT Miller,&nbsp,NYR,C/LW,48,80, , , , ,,21,27,48,10,45,164,5,12,0,0,160,43,88
165,David Krejci,&nbsp,BOS,C,47,70, , , , ,,21,35,56,10,28,187,5,20,1,0,42,53,526
166,Marc-Andre Fleury,&nbsp,PIT,G,47,55,0.918,2.4,30,2,, , , , , , , , , , , , ,
167,David Perron,&nbsp,STL,LW/RW,46,77, , , , ,,20,27,47,20,50,198,2,12,0,0,161,25,6
168,Jeff Skinner,&nbsp,CAR,LW,45,76, , , , ,,29,22,51,-10,44,283,6,18,0,0,35,14,21
169,Matt Dumba,&nbsp,MIN,D,45,80, , , , ,,12,23,35,0,52,158,3,14,0,0,82,68,0
170,Alex Goligoski,&nbsp,ARI,D,44,81, , , , ,,5,31,36,0,30,130,0,11,1,0,89,140,0
171,Charlie Coyle,&nbsp,MIN,C/RW,44,79, , , , ,,19,29,48,0,32,171,4,12,0,0,129,58,255
172,Justin Abdelkader,&nbsp,DET,LW/RW,44,75, , , , ,,18,19,37,-10,126,158,4,9,0,0,170,38,12
173,Semyon Varlamov,&nbsp,COL,G,43,58,0.921,2.54,28,4,, , , , , , , , , , , , ,
174,Tom Wilson,&nbsp,WSH,RW,43,78, , , , ,,9,17,26,20,158,155,1,0,1,0,241,46,3
175,Antti Raanta,&nbsp,NYR,G,43,29,0.924,2.21,13,2,, , , , , , , , , , , , ,
176,Alexander Steen,&nbsp,STL,LW,42,69, , , , ,,19,34,53,10,45,156,4,13,1,1,43,36,212
177,Cody Ceci,&nbsp,OTT,D,42,78, , , , ,,9,27,36,10,22,164,2,11,0,0,78,111,0
178,Travis Hamonic,&nbsp,NYI,D,42,71, , , , ,,5,24,29,10,60,159,0,0,0,0,145,141,0
179,Tyler Myers,&nbsp,WPG,D,41,70, , , , ,,10,21,31,0,73,145,0,12,1,0,58,111,0
180,Sean Couturier,&nbsp,PHI,C,41,76, , , , ,,18,34,52,10,32,199,1,13,4,1,61,36,611
181,Torey Krug,&nbsp,BOS,D,41,67, , , , ,,7,33,40,10,24,147,1,16,0,0,52,78,1
182,Brandon Saad,&nbsp,CBJ,LW/RW,40,79, , , , ,,28,29,57,0,16,228,5,14,1,0,51,24,36
183,Francois Beauchemin,&nbsp,COL,D,40,72, , , , ,,9,18,27,0,42,132,2,8,1,0,76,198,0
184,Mikko Koivu,&nbsp,MIN,C,40,76, , , , ,,15,34,49,10,36,167,4,17,1,0,36,53,902
185,Patrick Sharp,&nbsp,DAL,LW/RW,40,75, , , , ,,21,29,50,10,27,231,3,18,0,0,71,22,50
186,Loui Eriksson,&nbsp,VAN,LW,40,76, , , , ,,27,29,56,-10,14,204,5,20,2,1,20,28,5
187,Alec Martinez,&nbsp,LAK,D,39,67, , , , ,,10,19,29,20,30,113,3,9,0,0,107,156,0
188,Nino Niederreiter,&nbsp,MIN,RW,39,81, , , , ,,22,30,52,10,35,171,3,13,0,0,134,24,7
189,Bryan Little,&nbsp,WPG,C,39,71, , , , ,,20,34,54,0,20,139,2,19,2,2,56,27,755
190,Dmitry Kulikov,&nbsp,BUF,D,38,76, , , , ,,4,27,31,0,59,103,0,9,1,0,131,105,0
191,Gustav Nyquist,&nbsp,DET,LW/RW,38,81, , , , ,,25,30,55,0,30,177,5,19,0,0,58,24,2
192,Calvin Pickard,&nbsp,COL,G,37,30,0.929,2.36,12,1,, , , , , , , , , , , , ,
193,Dylan Larkin,&nbsp,DET,C/RW,36,79, , , , ,,22,29,51,0,38,211,5,13,0,0,75,24,40
194,Chris Kunitz,&nbsp,PIT,LW,35,77, , , , ,,18,25,43,20,50,140,4,11,0,0,194,27,5
195,Alexander Edler,&nbsp,VAN,D,33,63, , , , ,,7,21,28,-10,48,155,1,11,0,0,101,118,1
196,Elias Lindholm,&nbsp,CAR,C/RW,33,82, , , , ,,17,28,45,-10,26,191,4,16,0,0,112,45,163
197,Darnell Nurse,&nbsp,EDM,D,32,77, , , , ,,5,14,19,0,57,203,0,0,2,0,179,112,0
198,Niklas Kronwall,&nbsp,DET,D,32,74, , , , ,,7,26,33,-10,38,95,1,13,0,0,95,127,0
199,Max Domi,&nbsp,ARI,LW,32,82, , , , ,,17,33,50,0,84,147,0,18,1,0,37,25,20
200,Ryan Ellis,&nbsp,NSH,D,31,73, , , , ,,11,24,35,0,30,173,2,11,0,0,55,88,0
201,Jussi Jokinen,&nbsp,FLA,LW,31,81, , , , ,,15,38,53,20,36,155,1,13,1,0,41,45,141
202,Jake Gardiner,&nbsp,TOR,D,30,79, , , , ,,8,26,34,0,36,136,1,10,1,0,89,83,1
203,Zach Bogosian,&nbsp,BUF,D,30,63, , , , ,,6,20,26,0,65,175,0,8,0,0,95,95,0
204,Matt Murray,&nbsp,PIT,G,30,33,0.921,2.35,20,2,, , , , , , , , , , , , ,
205,Patrick Marleau,&nbsp,SJS,C/LW,29,82, , , , ,,25,22,47,-10,10,238,4,12,1,1,77,30,200
206,Simon Despres,&nbsp,ANA,D,29,70, , , , ,,3,20,23,0,69,176,1,0,0,0,160,97,0
207,Brendan Gallagher,&nbsp,MTL,RW,28,74, , , , ,,21,28,49,20,35,216,2,12,0,0,50,41,35
208,Michal Neuvirth,&nbsp,PHI,G,28,32,0.925,2.4,16,2,, , , , , , , , , , , , ,
209,Dmitry Orlov,&nbsp,WSH,D,26,79, , , , ,,8,25,33,20,28,108,2,10,0,0,111,71,0
210,Kevin Klein,&nbsp,NYR,D,26,70, , , , ,,9,18,27,20,23,97,4,8,0,0,109,139,0
211,Mikael Granlund,&nbsp,MIN,C,26,72, , , , ,,16,33,49,0,22,200,4,17,0,0,76,47,480
212,Andrei Vasilevskiy,&nbsp,TBL,G,26,27,0.925,2.28,12,1,, , , , , , , , , , , , ,
213,Alex Petrovic,&nbsp,FLA,D,25,75, , , , ,,2,18,20,20,101,86,0,0,1,0,179,80,0
214,Noah Hanifin,&nbsp,CAR,D,25,79, , , , ,,6,25,31,-10,30,183,0,12,0,0,75,87,0
215,Jack Johnson,&nbsp,CBJ,D,25,74, , , , ,,7,21,28,-10,33,138,1,8,0,0,121,124,0
216,Matt Martin,&nbsp,TOR,LW,25,79, , , , ,,9,11,20,0,125,102,2,0,0,0,371,36,3
217,Robby Fabbri,&nbsp,STL,C/LW,25,73, , , , ,,25,28,53,20,39,158,4,13,0,0,58,15,6
218,Jason Demers,&nbsp,FLA,D,24,73, , , , ,,8,21,29,20,70,140,1,0,1,0,90,85,0
219,Martin Hanzal,&nbsp,ARI,C,24,64, , , , ,,14,27,41,-10,75,154,3,10,1,0,147,31,590
220,Ryan Nugent-Hopkins,&nbsp,EDM,C,24,71, , , , ,,18,37,55,0,22,155,2,19,0,0,60,38,516
221,Zdeno Chara,&nbsp,BOS,D,24,74, , , , ,,8,15,23,10,65,109,1,7,1,0,124,102,0
222,Cam Fowler,&nbsp,ANA,D,24,73, , , , ,,6,30,36,0,24,100,1,11,1,1,43,102,0
223,Blake Comeau,&nbsp,COL,LW,23,74, , , , ,,15,24,39,-10,64,180,4,0,1,1,178,32,107
224,Jaromir Jagr,&nbsp,FLA,RW,23,78, , , , ,,19,32,51,20,44,152,4,18,0,0,20,13,0
225,Rickard Rakell,&nbsp,ANA,C,23,73, , , , ,,21,29,50,0,27,214,6,13,0,0,110,25,273
226,Kevin Hayes,&nbsp,NYR,RW,23,79, , , , ,,18,31,49,10,32,142,2,12,1,1,58,28,192
227,Tomas Tatar,&nbsp,DET,LW,23,81, , , , ,,24,28,52,-10,26,186,5,13,0,0,81,19,13
228,Henrik Zetterberg,&nbsp,DET,C/LW,23,73, , , , ,,14,33,47,-10,24,180,2,16,0,0,44,22,479
229,Brock Nelson,&nbsp,NYI,LW,22,81, , , , ,,23,22,45,10,28,187,2,11,0,0,80,49,252
230,Reilly Smith,&nbsp,FLA,RW,22,82, , , , ,,22,27,49,20,27,175,2,12,0,0,80,39,1
231,Joel Edmundson,&nbsp,STL,D,22,73, , , , ,,2,14,16,10,80,180,0,0,0,0,180,80,0
232,Dan Girardi,&nbsp,NYR,D,21,79, , , , ,,3,17,20,20,20,78,1,0,1,0,194,187,0
233,Artem Anisimov,&nbsp,CHI,C,21,75, , , , ,,19,28,47,20,16,144,3,16,4,2,47,44,388
234,Frans Nielsen,&nbsp,DET,C,20,80, , , , ,,18,29,47,0,16,154,2,16,2,2,38,72,544
235,Paul Stastny,&nbsp,STL,C,20,70, , , , ,,15,36,51,20,32,116,4,18,0,0,28,36,673
236,Trevor Daley,&nbsp,PIT,D,20,72, , , , ,,9,22,31,20,34,102,1,9,1,1,40,103,0
237,Craig Smith,&nbsp,NSH,RW,19,82, , , , ,,22,20,42,10,42,215,5,11,0,0,80,20,31
238,Mathieu Perreault,&nbsp,WPG,C/LW,19,68, , , , ,,18,30,48,0,38,153,2,12,0,0,69,31,255
239,Carl Soderberg,&nbsp,COL,C,19,81, , , , ,,16,38,54,0,32,178,2,14,1,0,45,61,289
240,Mikkel Boedker,&nbsp,SJS,LW,18,77, , , , ,,18,33,51,20,12,148,3,13,0,0,93,30,1
241,Jeff Petry,&nbsp,MTL,D,18,72, , , , ,,6,19,25,20,24,101,1,8,2,0,121,103,0
242,Roberto Luongo,&nbsp,FLA,G,18,47,0.916,2.44,28,2,, , , , , , , , , , , , ,
243,Pavel Zacha,&nbsp,NJD,C,18,78, , , , ,,20,25,45,0,60,167,2,14,0,0,117,39,316
244,Shane Doan,&nbsp,ARI,RW,17,74, , , , ,,19,21,40,-10,86,154,2,10,0,0,126,16,28
245,Ryan Murray,&nbsp,CBJ,D,16,68, , , , ,,5,24,29,-10,42,89,0,12,1,0,42,142,0
246,Eric Staal,&nbsp,MIN,C,16,80, , , , ,,19,25,44,0,44,226,1,11,1,1,62,32,514
247,Nikolaj Ehlers,&nbsp,WPG,LW/RW,16,76, , , , ,,17,32,49,10,48,189,0,12,0,0,38,30,0
248,Teuvo Teravainen,&nbsp,CAR,LW,16,75, , , , ,,20,33,53,0,24,167,2,16,1,0,24,29,0
249,Justin Williams,&nbsp,WSH,RW,15,81, , , , ,,20,25,45,20,38,208,2,11,0,0,36,42,20
250,Kevin Bieksa,&nbsp,ANA,D,15,69, , , , ,,4,11,15,0,102,125,1,0,0,0,148,105,0
251,Marcus Johansson,&nbsp,WSH,LW/RW,15,79, , , , ,,19,31,50,20,14,159,4,13,0,0,52,23,77
252,Zack Smith,&nbsp,OTT,C,15,75, , , , ,,16,15,31,20,73,125,2,8,4,2,155,30,436
253,Jaccob Slavin,&nbsp,CAR,D,14,77, , , , ,,4,25,29,-10,12,168,0,9,1,0,50,131,0
254,Colin Miller,&nbsp,BOS,D,14,70, , , , ,,4,25,29,10,61,79,0,12,0,0,75,63,0
255,Devante Smith-Pelly,&nbsp,NJD,RW,14,72, , , , ,,19,16,35,-10,40,191,5,9,1,0,161,33,11
256,Bo Horvat,&nbsp,VAN,C,13,80, , , , ,,18,28,46,-10,20,154,3,12,1,1,82,54,638
257,Jared Spurgeon,&nbsp,MIN,D,13,70, , , , ,,10,20,30,0,14,136,2,9,1,0,48,118,0
258,Ryan Spooner,&nbsp,BOS,C,13,76, , , , ,,17,33,50,10,34,224,4,13,0,0,50,17,267
259,Andrej Sekera,&nbsp,EDM,D,12,76, , , , ,,5,25,30,0,14,99,1,9,1,0,59,141,0
260,Marian Hossa,&nbsp,CHI,RW,12,73, , , , ,,18,23,41,20,28,188,2,10,2,2,49,29,2
261,Tommy Wingels,&nbsp,SJS,C/RW,11,74, , , , ,,12,16,28,10,57,136,3,0,2,1,223,56,43
262,Justin Braun,&nbsp,SJS,D,11,77, , , , ,,4,23,27,20,38,146,0,0,0,0,80,121,0
263,Drew Stafford,&nbsp,WPG,RW,11,75, , , , ,,19,24,43,0,32,179,3,11,2,1,57,18,81
264,Connor Murphy,&nbsp,ARI,D,11,78, , , , ,,6,14,20,-10,54,111,1,0,0,0,164,137,0
265,Mark Streit,&nbsp,PHI,D,11,75, , , , ,,7,27,34,0,24,105,1,10,0,0,34,106,0
266,Roman Polak,&nbsp,TOR,D,10,69, , , , ,,1,14,15,0,68,24,0,0,0,0,259,130,1
267,Tobias Rieder,&nbsp,ARI,RW,10,81, , , , ,,18,20,38,-10,10,252,1,10,3,2,61,42,6
268,Jamie McGinn,&nbsp,ARI,LW,10,76, , , , ,,21,20,41,-10,30,168,4,10,0,0,152,30,3
269,Sam Bennett,&nbsp,CGY,C,10,76, , , , ,,23,25,48,0,50,175,3,12,0,0,109,31,157
270,Tyler Ennis,&nbsp,BUF,C/LW,10,66, , , , ,,20,23,43,0,34,205,1,11,0,0,73,33,113
271,Matt Beleskey,&nbsp,BOS,LW,9,69, , , , ,,17,19,36,0,60,157,4,0,0,0,207,35,8
272,Victor Rask,&nbsp,CAR,C,9,80, , , , ,,21,27,48,-10,30,218,5,12,0,0,37,35,474
273,Ivan Provorov,&nbsp,PHI,D,9,75, , , , ,,9,22,31,0,14,180,1,0,0,0,104,86,0
274,Antoine Roussel,&nbsp,DAL,LW,8,80, , , , ,,13,18,31,10,123,110,3,0,1,0,130,56,12
275,Dennis Wideman,&nbsp,CGY,D,8,62, , , , ,,7,24,31,0,28,117,1,9,0,0,45,102,0
276,Jesse Puljujarvi,&nbsp,EDM,RW,8,75, , , , ,,18,31,49,0,18,150,1,15,0,0,75,30,0
277,Justin Schultz,&nbsp,PIT,D,7,73, , , , ,,8,25,33,10,16,119,2,10,0,0,34,83,0
278,Ryan Strome,&nbsp,NYI,RW,7,76, , , , ,,16,24,40,10,34,200,2,10,0,0,80,20,142
279,Michael Cammalleri,&nbsp,NJD,LW,7,59, , , , ,,19,27,46,10,24,127,5,16,1,1,22,18,73
280,Henrik Sedin,&nbsp,VAN,C,7,75, , , , ,,11,48,59,-10,24,82,0,21,0,0,15,18,630
281,Brenden Dillon,&nbsp,SJS,D,7,79, , , , ,,3,13,16,10,63,84,1,0,2,1,160,92,0
282,Mikael Backlund,&nbsp,CGY,C,7,69, , , , ,,17,22,39,10,24,151,3,10,3,3,57,46,522
283,Jimmy Vesey,&nbsp,NYR,LW,7,74, , , , ,,24,23,47,0,22,200,2,14,0,0,54,20,0
284,Oscar Klefbom,&nbsp,EDM,D,6,67, , , , ,,6,24,30,0,8,137,1,9,0,0,45,119,0
285,Nick Ritchie,&nbsp,ANA,LW,6,71, , , , ,,16,16,32,0,80,133,1,10,0,0,178,21,0
286,Benoit Pouliot,&nbsp,EDM,LW,6,65, , , , ,,18,28,46,0,34,132,3,12,1,1,61,21,18
287,Carl Hagelin,&nbsp,PIT,LW,5,78, , , , ,,16,28,44,20,36,171,5,0,2,0,81,34,4
288,Alexei Emelin,&nbsp,MTL,D,5,68, , , , ,,2,12,14,10,69,57,0,0,0,0,222,109,0
289,Brooks Orpik,&nbsp,WSH,D,5,64, , , , ,,3,11,14,10,35,87,1,0,0,0,195,159,0
290,Damon Severson,&nbsp,NJD,D,5,73, , , , ,,7,22,29,0,38,218,0,0,0,0,67,55,0
291,Leo Komarov,&nbsp,TOR,C/RW,4,68, , , , ,,14,15,29,0,42,111,2,0,2,1,281,27,83
292,Dylan McIlrath,&nbsp,NYR,D,4,74, , , , ,,2,8,10,10,135,28,0,0,0,0,194,78,0
293,Mitch Marner,&nbsp,TOR,C,4,75, , , , ,,21,35,56,0,38,175,2,17,0,0,38,19,0
294,Jonathan Drouin,&nbsp,TBL,LW,4,72, , , , ,,14,30,44,20,34,177,2,11,0,0,58,14,16
295,Brett Ritchie,&nbsp,DAL,RW,3,74, , , , ,,16,14,30,10,24,248,3,8,0,0,169,14,2
296,Nick Bjugstad,&nbsp,FLA,C,3,69, , , , ,,19,21,40,10,38,194,3,10,1,0,92,26,476
297,Michael Matheson,&nbsp,FLA,D,3,78, , , , ,,9,24,33,0,38,180,1,0,0,0,31,70,0
298,PA Parenteau,&nbsp,NJD,RW,3,67, , , , ,,18,24,42,0,62,161,2,11,0,0,56,20,6
299,Mark Borowiecki,&nbsp,OTT,D,3,63, , , , ,,1,7,8,10,107,21,0,0,0,0,246,94,0
300,Luke Schenn,&nbsp,ARI,D,2,69, , , , ,,3,15,18,-10,63,60,0,0,0,0,200,115,0
301,Zach Werenski,&nbsp,CBJ,D,2,76, , , , ,,9,21,30,0,31,180,1,0,0,0,61,76,0
302,Danny Dekeyser,&nbsp,DET,D,2,75, , , , ,,6,22,28,0,42,105,2,0,0,0,75,113,0
303,Ryan Callahan,&nbsp,TBL,RW,2,64, , , , ,,14,19,33,20,45,140,2,8,0,0,144,50,15
304,Nick Bonino,&nbsp,PIT,C,1,72, , , , ,,13,34,47,20,28,114,2,12,0,0,27,77,548
305,Antti Niemi,&nbsp,DAL,G,1,46,0.918,2.5,24,2,, , , , , , , , , , , , ,
306,Cal Clutterbuck,&nbsp,NYI,RW,1,75, , , , ,,12,8,20,10,34,133,4,0,3,2,281,33,5
307,Kevin Connauton,&nbsp,ARI,D,1,68, , , , ,,8,15,23,-10,50,139,2,7,0,0,95,56,0
308,Andrew Shaw,&nbsp,MTL,C,1,79, , , , ,,17,19,36,10,69,155,2,9,0,0,162,26,266
309,Sam Reinhart,&nbsp,BUF,C/RW,1,78, , , , ,,20,28,48,0,12,146,3,17,0,0,26,27,51
310,Adam Lowry,&nbsp,WPG,C/LW,0,77, , , , ,,11,14,25,0,55,108,2,0,1,1,222,40,397
311,Cody Franson,&nbsp,BUF,D,0,72, , , , ,,4,24,28,0,28,84,0,11,0,0,83,76,0
312,Jarome Iginla,&nbsp,COL,RW,-1,82, , , , ,,21,20,41,-10,47,150,3,10,0,0,74,39,43
313,Michael Del Zotto,&nbsp,PHI,D,-1,58, , , , ,,5,18,23,0,30,90,1,7,0,0,121,93,0
314,Brandon Sutter,&nbsp,VAN,C,-1,72, , , , ,,19,16,35,-10,18,179,3,9,4,3,58,50,548
315,Michael Frolik,&nbsp,CGY,C/RW,-1,77, , , , ,,17,23,40,10,20,191,3,0,3,2,55,43,21
316,Tanner Pearson,&nbsp,LAK,LW,-1,77, , , , ,,20,18,38,20,22,157,5,10,0,0,98,33,7
317,Esa Lindell,&nbsp,DAL,D,-2,77, , , , ,,9,14,23,0,44,180,1,0,0,0,77,85,0
318,Erik Haula,&nbsp,MIN,C/LW,-2,75, , , , ,,15,24,39,10,28,137,2,0,4,1,56,49,324
319,Nathan Beaulieu,&nbsp,MTL,D,-2,71, , , , ,,5,22,27,0,59,100,0,0,0,0,71,99,0
320,Joonas Donskoi,&nbsp,SJS,RW,-3,75, , , , ,,17,28,45,10,22,165,2,11,0,0,31,46,2
321,Colin Wilson,&nbsp,NSH,LW,-3,74, , , , ,,16,25,41,10,22,170,3,10,0,0,70,30,84
322,Tomas Hertl,&nbsp,SJS,C,-3,75, , , , ,,20,22,42,20,30,182,4,11,0,0,87,56,121
323,Karl Alzner,&nbsp,WSH,D,-3,82, , , , ,,3,15,18,20,24,66,1,0,1,0,128,164,0
324,Leon Draisaitl,&nbsp,EDM,C,-3,74, , , , ,,18,33,51,0,24,156,3,13,0,0,40,18,428
325,Dustin Brown,&nbsp,LAK,LW/RW,-3,81, , , , ,,11,16,27,10,32,179,1,7,0,0,227,21,10
326,Kris Russell,&nbsp,EDM,D,-4,70, , , , ,,4,24,28,0,14,77,1,0,0,0,40,200,0
327,Jason Pominville,&nbsp,MIN,RW,-4,80, , , , ,,18,25,43,0,16,203,3,11,0,0,32,32,55
328,Teddy Purcell,&nbsp,LAK,LW,-4,79, , , , ,,14,33,47,20,16,167,2,12,0,0,32,13,3
329,Olli Maatta,&nbsp,PIT,D,-4,71, , , , ,,6,24,30,20,24,90,1,0,1,0,60,99,0
330,Mike Smith,&nbsp,ARI,G,-4,61,0.916,2.59,28,3,, , , , , , , , , , , , ,
331,Jason Zucker,&nbsp,MIN,LW,-5,64, , , , ,,19,19,38,0,32,161,3,10,2,1,68,24,1
332,Marco Scandella,&nbsp,MIN,D,-5,71, , , , ,,7,19,26,0,30,117,2,0,1,0,70,105,0
333,Brian Campbell,&nbsp,CHI,D,-5,82, , , , ,,5,22,27,0,22,104,1,8,1,0,39,98,0
334,Erik Gudbranson,&nbsp,VAN,D,-5,69, , , , ,,3,11,14,-10,67,92,0,0,0,0,179,104,0
335,Marcus Foligno,&nbsp,BUF,LW,-5,69, , , , ,,11,16,27,0,75,99,2,0,2,1,192,42,68
336,Sebastian Aho,&nbsp,CAR,RW,-6,74, , , , ,,17,28,45,0,10,142,1,18,0,0,56,19,0
337,Brendan Smith,&nbsp,DET,D,-7,70, , , , ,,4,17,21,0,64,87,0,6,0,0,104,61,0
338,Patrick Maroon,&nbsp,EDM,LW,-8,73, , , , ,,12,25,37,0,85,119,2,0,0,0,139,15,11
339,Jake Mccabe,&nbsp,BUF,D,-8,76, , , , ,,4,19,23,0,58,65,0,0,0,0,108,106,0
340,Calvin de Haan,&nbsp,NYI,D,-8,69, , , , ,,2,16,18,10,24,88,0,0,0,0,123,158,0
341,Lee Stempniak,&nbsp,CAR,LW/RW,-9,75, , , , ,,18,22,40,-10,38,172,3,0,2,1,90,26,8
342,Josh Anderson,&nbsp,CBJ,RW,-9,70, , , , ,,10,12,22,0,78,210,0,0,0,0,210,23,0
343,David Pastrnak,&nbsp,BOS,RW,-9,71, , , , ,,14,30,44,10,24,113,3,11,0,0,72,19,4
344,Andre Burakovsky,&nbsp,WSH,LW,-9,77, , , , ,,18,28,46,20,14,132,2,12,0,0,35,25,53
345,Darcy Kuemper,&nbsp,MIN,G,-9,24,0.92,2.25,9,2,, , , , , , , , , , , , ,
346,Andrew Cogliano,&nbsp,ANA,LW,-9,82, , , , ,,14,19,33,0,24,129,3,0,4,3,130,30,11
347,Michael Raffl,&nbsp,PHI,LW,-10,74, , , , ,,15,18,33,10,30,128,3,8,0,0,144,42,44
348,Alexander Wennberg,&nbsp,CBJ,C,-11,73, , , , ,,10,39,49,-10,18,152,1,12,0,0,48,48,367
349,Jason Garrison,&nbsp,TBL,D,-11,74, , , , ,,5,15,20,10,23,122,2,0,1,0,90,108,0
350,Brian Dumoulin,&nbsp,PIT,D,-11,78, , , , ,,2,16,18,20,16,216,0,0,0,0,74,86,1
351,Cody McLeod,&nbsp,COL,LW,-11,81, , , , ,,6,7,13,-10,143,73,1,0,1,1,251,31,1
352,Nick Holden,&nbsp,NYR,D,-11,77, , , , ,,5,15,20,10,26,61,1,0,0,0,173,96,0
353,Philip Larsen,&nbsp,VAN,D,-12,60, , , , ,,8,17,25,0,24,160,1,0,0,0,88,62,0
354,Nikita Zadorov,&nbsp,COL,D,-12,65, , , , ,,3,17,20,0,58,56,1,0,0,0,155,68,1
355,Thomas Vanek,&nbsp,DET,LW/RW,-13,77, , , , ,,20,24,44,-10,28,171,3,11,0,0,28,16,14
356,Philipp Grubauer,&nbsp,WSH,G,-13,23,0.924,2.43,11,1,, , , , , , , , , , , , ,
357,Anthony Duclair,&nbsp,ARI,LW/RW,-13,79, , , , ,,22,19,41,-10,53,129,2,14,0,0,26,26,0
358,Patrick Wiercioch,&nbsp,COL,D,-14,66, , , , ,,5,18,23,-10,30,166,1,7,0,0,53,50,0
359,Antoine Vermette,&nbsp,ANA,C,-14,79, , , , ,,14,24,38,0,50,102,2,0,1,1,58,60,866
360,Brett Connolly,&nbsp,WSH,RW,-14,68, , , , ,,16,16,32,10,24,138,4,8,0,0,131,35,28
361,Alexander Killorn,&nbsp,TBL,C,-14,78, , , , ,,16,26,42,20,42,159,3,11,1,0,73,22,47
362,Jiri Hudler,&nbsp,DAL,C/RW,-15,75, , , , ,,18,32,50,0,18,106,2,13,0,0,30,5,12
363,Connor Carrick,&nbsp,TOR,D,-15,71, , , , ,,5,18,23,0,28,78,2,7,0,0,84,71,0
364,Chris Wideman,&nbsp,OTT,D,-16,68, , , , ,,8,14,22,10,42,116,3,0,0,0,61,75,0
365,Thomas Hickey,&nbsp,NYI,D,-16,75, , , , ,,4,18,22,10,28,78,1,0,1,0,78,116,0
366,Cody Eakin,&nbsp,DAL,C,-16,66, , , , ,,14,19,33,10,30,119,2,8,2,2,85,50,495
367,Eddie Lack,&nbsp,CAR,G,-16,43,0.916,2.37,18,2,, , , , , , , , , , , , ,
368,Derek Dorsett,&nbsp,VAN,RW,-16,67, , , , ,,6,11,17,-10,165,93,1,0,1,1,120,35,3
369,Ben Hutton,&nbsp,VAN,D,-16,76, , , , ,,6,23,29,0,18,120,0,0,0,0,43,101,0
370,Oliver Bjorkstrand,&nbsp,CBJ,RW,-17,69, , , , ,,21,20,41,0,12,131,5,10,0,0,69,29,0
371,Ryan Pulock,&nbsp,NYI,D,-17,66, , , , ,,7,20,27,10,10,53,0,11,0,0,83,59,0
372,Nikita Zaitsev,&nbsp,TOR,D,-17,72, , , , ,,7,19,26,0,18,140,1,0,0,0,54,90,0
373,Jori Lehtera,&nbsp,STL,C,-17,77, , , , ,,11,29,40,20,40,89,2,10,1,1,43,30,514
374,Mark Stuart,&nbsp,WPG,D,-17,68, , , , ,,1,7,8,0,70,33,0,0,1,0,167,133,0
375,Nail Yakupov,&nbsp,STL,RW,-18,69, , , , ,,15,21,36,0,24,200,1,9,0,0,70,23,0
376,John Moore,&nbsp,NJD,D,-18,72, , , , ,,5,15,20,-10,32,148,3,0,0,0,76,81,0
377,Adam McQuaid,&nbsp,BOS,D,-18,65, , , , ,,1,9,10,10,90,42,0,0,0,0,125,107,0
378,Josh Manson,&nbsp,ANA,D,-19,67, , , , ,,3,8,11,0,83,68,1,0,0,0,149,70,0
379,Marc Staal,&nbsp,NYR,D,-19,76, , , , ,,3,16,19,10,36,76,0,0,1,0,90,110,1
380,Lars Eller,&nbsp,WSH,C,-19,78, , , , ,,15,14,29,20,38,164,5,0,2,1,117,48,379
381,Mike Ribeiro,&nbsp,NSH,C,-20,81, , , , ,,8,38,46,0,52,59,1,12,0,0,61,19,420
382,Tyler Bozak,&nbsp,TOR,C,-20,66, , , , ,,15,25,40,0,20,95,1,10,1,1,53,36,744
383,Alex Chiasson,&nbsp,CGY,RW,-21,78, , , , ,,12,18,30,0,54,126,2,8,1,0,104,23,24
384,Curtis Lazar,&nbsp,OTT,RW,-21,75, , , , ,,9,21,30,10,20,128,0,0,3,1,131,46,156
385,Ryan Murphy,&nbsp,CAR,D,-21,63, , , , ,,4,24,28,-10,16,123,1,8,0,0,38,42,0
386,Dalton Prout,&nbsp,CBJ,D,-21,65, , , , ,,2,6,8,-10,98,76,0,0,0,0,143,82,0
387,Brad Richardson,&nbsp,ARI,RW,-21,76, , , , ,,12,19,31,-10,44,107,2,0,2,1,53,49,506
388,Tobias Enstrom,&nbsp,WPG,D,-22,71, , , , ,,4,18,22,0,40,54,1,7,0,0,29,108,0
389,Nikita Tryamkin,&nbsp,VAN,D,-22,66, , , , ,,2,14,16,-10,63,22,0,0,0,0,157,99,0
390,Vladislav Namestnikov,&nbsp,TBL,C,-22,79, , , , ,,16,27,43,20,40,109,3,11,0,0,58,32,160
391,Johnny Oduya,&nbsp,DAL,D,-23,78, , , , ,,2,16,18,10,30,49,0,0,1,0,69,156,0
392,Travis Zajac,&nbsp,NJD,C,-23,75, , , , ,,12,24,36,-10,28,108,1,9,2,1,59,41,696
393,Kari Lehtonen,&nbsp,DAL,G,-23,45,0.916,2.56,24,2,, , , , , , , , , , , , ,
394,Matt Read,&nbsp,PHI,RW,-23,78, , , , ,,13,16,29,0,24,133,2,7,2,1,87,57,16
395,Dan Hamhuis,&nbsp,DAL,D,-24,60, , , , ,,4,15,19,10,32,135,0,0,0,0,71,80,0
396,Joe Colborne,&nbsp,COL,C,-24,72, , , , ,,15,27,42,-10,30,100,2,11,0,0,136,32,158
397,Johan Larsson,&nbsp,BUF,LW,-24,76, , , , ,,12,16,28,0,38,125,4,0,0,0,122,39,363
398,Ian Cole,&nbsp,PIT,D,-24,72, , , , ,,1,15,16,10,55,25,0,0,0,0,125,105,0
399,Greg Pateryn,&nbsp,MTL,D,-24,60, , , , ,,2,8,10,10,54,84,0,0,0,0,162,76,0
400,Haydn Fleury,&nbsp,CAR,D,-24,74, , , , ,,4,19,23,0,36,80,0,0,0,0,93,74,0
401,Brady Skjei,&nbsp,NYR,D,-24,75, , , , ,,4,15,19,0,31,80,0,0,0,0,118,94,0
402,Jonathan Marchessault,&nbsp,FLA,C,-24,73, , , , ,,17,28,45,10,38,179,2,0,0,0,99,29,61
403,Robin Lehner,&nbsp,BUF,G,-24,45,0.919,2.63,21,3,, , , , , , , , , , , , ,
404,Radim Vrbata,&nbsp,ARI,RW,-24,73, , , , ,,17,23,40,0,18,194,2,10,0,0,15,10,9
405,Trevor Van Riemsdyk,&nbsp,CHI,D,-25,80, , , , ,,3,13,16,0,32,106,1,0,1,0,48,136,0
406,Brandon Manning,&nbsp,PHI,D,-25,65, , , , ,,3,11,14,0,82,60,0,0,0,0,114,66,0
407,William Nylander,&nbsp,TOR,C/RW,-25,64, , , , ,,15,25,40,0,10,108,3,10,0,0,15,15,416
408,Valtteri Filppula,&nbsp,TBL,C/LW,-25,78, , , , ,,11,26,37,20,38,79,1,0,0,0,32,27,651
409,Jason Chimera,&nbsp,NYI,LW,-26,80, , , , ,,13,17,30,10,38,132,2,0,1,1,137,22,30
410,Sven Andrighetto,&nbsp,MTL,RW,-26,70, , , , ,,12,20,32,10,40,115,0,8,0,0,113,27,8
411,Tyler Motte,&nbsp,CHI,LW,-26,69, , , , ,,19,19,38,0,36,158,2,0,0,0,86,35,0
412,Michael Ferland,&nbsp,CGY,LW,-26,73, , , , ,,6,16,22,0,59,156,1,0,0,0,204,24,5
413,Jay Bouwmeester,&nbsp,STL,D,-26,75, , , , ,,3,16,19,20,20,116,0,0,0,0,58,104,1
414,Niklas Hjalmarsson,&nbsp,CHI,D,-26,80, , , , ,,2,16,18,0,34,60,0,0,2,0,41,151,0
415,Yohann Auvitu,&nbsp,NJD,D,-26,65, , , , ,,7,15,22,0,12,140,1,0,0,0,70,80,0
416,Jonathan Ericsson,&nbsp,DET,D,-26,78, , , , ,,3,11,14,-10,60,93,0,0,1,0,129,57,0
417,Joel Ward,&nbsp,SJS,RW,-27,81, , , , ,,18,19,37,-10,30,115,3,0,1,1,65,51,129
418,Stephen Johns,&nbsp,DAL,D,-27,62, , , , ,,2,11,13,10,40,26,0,0,0,0,198,78,0
419,Al Montoya,&nbsp,MTL,G,-27,23,0.924,2.43,8,1,, , , , , , , , , , , , ,
420,Eric Gelinas,&nbsp,COL,D,-27,63, , , , ,,6,11,17,-10,37,125,2,5,0,0,82,47,0
421,Jordie Benn,&nbsp,DAL,D,-27,72, , , , ,,3,13,16,10,21,82,1,0,1,0,96,109,0
422,Nick Schultz,&nbsp,PHI,D,-27,77, , , , ,,1,11,12,0,43,58,0,0,0,0,86,166,0
423,Calle Jarnkrok,&nbsp,NSH,C,-29,78, , , , ,,17,24,41,10,16,158,3,10,1,0,32,23,336
424,Christian Dvorak,&nbsp,ARI,C/LW,-29,79, , , , ,,18,15,33,0,12,150,1,10,0,0,59,20,320
425,Dylan Strome,&nbsp,ARI,C,-29,80, , , , ,,13,27,40,0,24,108,1,12,0,0,80,40,324
426,Brian Boyle,&nbsp,TBL,C,-30,80, , , , ,,12,7,19,10,58,138,4,0,2,2,133,62,372
427,John-Michael Liles,&nbsp,BOS,D,-30,70, , , , ,,5,11,16,0,14,129,1,0,0,0,79,112,0
428,Jimmy Hayes,&nbsp,BOS,RW,-30,76, , , , ,,13,22,35,0,47,110,1,0,0,0,129,20,21
429,Zemgus Girgensons,&nbsp,BUF,C/LW,-31,67, , , , ,,9,19,28,0,24,102,1,0,2,1,137,39,230
430,Deryk Engelland,&nbsp,CGY,D,-31,68, , , , ,,2,9,11,0,55,33,0,0,1,0,129,109,0
431,Andy Greene,&nbsp,NJD,D,-31,82, , , , ,,4,9,13,-10,24,75,1,0,1,0,76,163,0
432,Ben Chiarot,&nbsp,WPG,D,-31,69, , , , ,,2,8,10,0,55,74,0,0,0,0,126,97,0
433,Marko Dano,&nbsp,WPG,C/LW,-32,68, , , , ,,13,15,28,0,50,138,1,0,0,0,154,27,18
434,Andrej Sustr,&nbsp,TBL,D,-32,74, , , , ,,3,18,21,10,32,95,1,0,1,0,36,71,0
435,Viktor Arvidsson,&nbsp,NSH,LW,-32,74, , , , ,,12,16,28,0,40,222,5,0,0,0,36,48,0
436,Lance Bouma,&nbsp,CGY,C/LW,-32,66, , , , ,,10,11,21,0,40,102,2,0,2,0,183,70,18
437,Christopher Tanev,&nbsp,VAN,D,-33,68, , , , ,,4,18,22,-10,12,53,1,0,1,0,23,165,0
438,Mark Pysyk,&nbsp,FLA,D,-33,65, , , , ,,2,20,22,20,38,50,1,0,1,0,42,66,0
439,Casey Cizikas,&nbsp,NYI,C,-33,76, , , , ,,8,20,28,10,30,88,2,0,3,1,139,59,464
440,Jyrki Jokipakka,&nbsp,CGY,D,-34,71, , , , ,,2,17,19,0,22,85,1,0,0,0,84,85,0
441,Ales Hemsky,&nbsp,DAL,RW,-34,75, , , , ,,15,20,35,0,20,176,1,9,0,0,26,29,1
442,Viktor Stalberg,&nbsp,CAR,LW,-35,71, , , , ,,13,17,30,-10,30,182,1,0,0,0,136,25,2
443,Marc Methot,&nbsp,OTT,D,-36,63, , , , ,,3,7,10,20,32,60,0,0,0,0,142,90,0
444,Josh Gorges,&nbsp,BUF,D,-36,63, , , , ,,1,10,11,0,34,40,0,0,1,0,117,128,0
445,Zack Kassian,&nbsp,EDM,RW,-36,62, , , , ,,13,13,26,0,101,91,2,0,0,0,112,6,3
446,Jannik Hansen,&nbsp,VAN,RW,-37,73, , , , ,,16,18,34,0,26,122,3,0,2,1,72,22,6
447,Matt Hendricks,&nbsp,EDM,LW,-37,69, , , , ,,5,7,12,0,82,74,0,0,1,1,195,57,122
448,Paul Martin,&nbsp,SJS,D,-37,73, , , , ,,3,15,18,10,20,61,1,0,0,0,50,123,0
449,Nicolas Deslauriers,&nbsp,BUF,LW,-38,76, , , , ,,6,11,17,0,62,89,1,0,1,0,233,30,0
450,Kevan Miller,&nbsp,BOS,D,-38,54, , , , ,,3,11,14,0,31,53,1,0,0,0,120,91,0
451,Ron Hainsey,&nbsp,CAR,D,-38,80, , , , ,,2,13,15,-10,32,52,1,0,0,0,83,125,0
452,Shane Prince,&nbsp,NYI,LW,-38,70, , , , ,,11,22,33,10,24,165,2,8,0,0,28,15,4
453,David Desharnais,&nbsp,MTL,C,-39,75, , , , ,,13,25,38,10,22,88,3,10,0,0,33,29,541
454,Sam Gagner,&nbsp,CBJ,C/RW,-39,62, , , , ,,14,18,32,0,27,175,2,8,0,0,0,0,261
455,Kris Versteeg,&nbsp,CGY,LW/RW,-39,70, , , , ,,13,24,37,0,40,142,2,0,0,0,30,30,25
456,Phillip Di Giuseppe,&nbsp,CAR,LW,-40,71, , , , ,,12,15,27,-10,30,117,2,0,0,0,178,36,12
457,Michael Hutchinson,&nbsp,WPG,G,-40,17,0.918,2.29,8,1,, , , , , , , , , , , , ,
458,Jacob Markstrom,&nbsp,VAN,G,-41,37,0.92,2.54,15,1,, , , , , , , , , , , , ,
459,Kevin Gravel,&nbsp,LAK,D,-41,63, , , , ,,6,15,21,0,22,120,0,0,0,0,50,50,0
460,Mike Fisher,&nbsp,NSH,C,-41,68, , , , ,,12,16,28,-10,35,89,2,0,1,0,129,71,622
461,Ben Lovejoy,&nbsp,NJD,D,-42,68, , , , ,,2,6,8,-10,25,51,0,0,1,0,160,109,0
462,JT Brown,&nbsp,TBL,RW,-42,69, , , , ,,9,10,19,20,50,196,0,0,1,0,91,35,13
463,Carl Gunnarsson,&nbsp,STL,D,-42,71, , , , ,,3,10,13,10,35,57,0,0,0,0,66,117,0
464,Nikita Nesterov,&nbsp,TBL,D,-42,53, , , , ,,3,11,14,10,32,61,0,4,0,0,103,47,0
465,Matt Hunwick,&nbsp,TOR,D,-42,65, , , , ,,2,10,12,0,30,74,1,0,0,0,83,106,0
466,Brandon Davidson,&nbsp,EDM,D,-42,64, , , , ,,2,13,15,0,24,28,0,0,1,0,93,115,0
467,Brett Pesce,&nbsp,CAR,D,-42,73, , , , ,,4,16,20,-10,35,85,1,0,0,0,31,80,0
468,Josh Bailey,&nbsp,NYI,RW,-43,76, , , , ,,11,27,38,10,22,108,1,0,0,0,54,33,52
469,Dale Weise,&nbsp,PHI,RW,-43,70, , , , ,,9,19,28,0,61,80,1,0,0,0,126,27,7
470,Alexander Burmistrov,&nbsp,WPG,C/LW,-44,77, , , , ,,8,16,24,0,34,117,2,0,1,0,119,33,195
471,Sven Baertschi,&nbsp,VAN,LW,-44,69, , , , ,,16,19,35,-10,18,129,1,9,0,0,39,36,0
472,Daniel Winnik,&nbsp,WSH,C/LW,-44,77, , , , ,,6,19,25,20,30,89,1,0,2,1,84,56,67
473,Nate Schmidt,&nbsp,WSH,D,-45,70, , , , ,,2,14,16,20,18,64,0,0,0,0,61,90,0
474,James Wisniewski,&nbsp,CAR,D,-46,40, , , , ,,4,13,17,0,26,83,1,0,0,0,60,70,0
475,Braydon Coburn,&nbsp,TBL,D,-46,78, , , , ,,1,8,9,10,50,37,0,0,0,0,108,86,0
476,Luca Sbisa,&nbsp,VAN,D,-46,53, , , , ,,3,9,12,-10,38,69,2,0,0,0,92,75,0
477,Richard Panik,&nbsp,CHI,LW,-47,71, , , , ,,13,15,28,0,40,118,2,0,0,0,103,38,3
478,Vernon Fiddler,&nbsp,NJD,C/LW,-47,80, , , , ,,10,11,21,-10,34,109,1,0,2,1,48,54,517
479,Jonas Brodin,&nbsp,MIN,D,-47,73, , , , ,,3,15,18,10,18,52,0,0,0,0,32,115,0
480,Emerson Etem,&nbsp,ANA,LW/RW,-47,68, , , , ,,13,12,25,-10,16,151,2,0,1,1,102,50,2
481,Andreas Martinsen,&nbsp,COL,LW,-47,65, , , , ,,6,14,20,-10,63,78,2,0,0,0,183,32,1
482,David Schlemko,&nbsp,SJS,D,-48,56, , , , ,,3,10,13,0,12,79,1,4,0,0,58,94,0
483,Robert Bortuzzo,&nbsp,STL,D,-49,52, , , , ,,1,7,8,10,60,30,0,0,0,0,121,59,0
484,Brian Gionta,&nbsp,BUF,RW,-49,76, , , , ,,12,20,32,0,14,141,2,0,1,0,55,38,48
485,Anthony Bitetto,&nbsp,NSH,D,-49,62, , , , ,,1,17,18,0,47,21,0,0,0,0,81,50,2
486,James Reimer,&nbsp,FLA,G,-49,30,0.915,2.54,19,2,, , , , , , , , , , , , ,
487,Martin Marincin,&nbsp,TOR,D,-49,68, , , , ,,1,12,13,0,40,61,0,0,1,0,33,102,0
488,Chris Neil,&nbsp,OTT,RW,-49,70, , , , ,,3,6,9,10,135,34,0,0,0,0,188,11,2
489,Dwight King,&nbsp,LAK,LW,-50,79, , , , ,,14,13,27,0,23,114,3,0,1,1,115,14,3
490,Nikolay Kulemin,&nbsp,NYI,LW/RW,-50,78, , , , ,,10,15,25,10,22,87,2,0,1,1,103,48,23
491,Dmitrij Jaskin,&nbsp,STL,RW,-50,72, , , , ,,9,13,22,10,28,109,3,0,0,0,158,21,6
492,Patrik Berglund,&nbsp,STL,C,-51,69, , , , ,,17,14,31,20,26,174,3,0,0,0,80,28,235
493,Kyle Clifford,&nbsp,LAK,LW,-51,72, , , , ,,5,11,16,0,75,108,0,0,0,0,179,12,4
494,Jordan Martinook,&nbsp,ARI,LW,-52,76, , , , ,,10,18,28,-10,26,130,2,0,2,1,56,36,16
495,Derrick Pouliot,&nbsp,PIT,D,-52,59, , , , ,,2,19,21,0,18,81,2,0,0,0,32,40,0
496,Eric Fehr,&nbsp,PIT,C/RW,-52,67, , , , ,,9,12,21,10,23,79,2,0,2,2,73,38,248
497,Fedor Tyutin,&nbsp,COL,D,-52,65, , , , ,,2,7,9,-10,36,42,0,0,1,0,101,98,0
498,Darren Helm,&nbsp,DET,C,-52,74, , , , ,,14,15,29,-10,26,143,2,0,1,2,118,26,203
499,Conor Sheary,&nbsp,PIT,LW,-52,74, , , , ,,13,24,37,20,8,95,0,9,0,0,25,8,2
500,Luke Glendening,&nbsp,DET,C,-53,80, , , , ,,9,13,22,-10,40,105,2,0,0,0,140,66,527
501,Cedric Paquette,&nbsp,TBL,C,-54,69, , , , ,,9,11,20,10,51,71,2,0,2,2,150,52,152
502,Joel Armia,&nbsp,WPG,RW,-54,64, , , , ,,9,11,20,0,40,117,2,0,4,0,92,29,0
503,Miikka Salomaki,&nbsp,NSH,RW,-54,66, , , , ,,8,9,17,10,32,87,1,0,2,0,178,33,2
504,Steve Santini,&nbsp,NJD,D,-55,38, , , , ,,1,6,7,0,32,20,0,0,0,0,156,78,0
505,Joe Morrow,&nbsp,BOS,D,-55,50, , , , ,,2,13,15,10,14,64,0,5,0,0,48,53,0
506,Colton Sceviour,&nbsp,FLA,C/RW,-55,71, , , , ,,11,15,26,10,26,121,2,0,0,0,71,46,24
507,Patrick Eaves,&nbsp,DAL,RW,-55,57, , , , ,,11,16,27,10,18,94,2,7,0,0,76,22,5
508,Nick Cousins,&nbsp,PHI,C,-56,74, , , , ,,11,22,33,0,62,86,2,0,0,0,81,34,208
509,Tom Kuhnhackl,&nbsp,PIT,RW,-56,65, , , , ,,6,14,20,10,20,62,1,0,3,3,88,49,0
510,Reid Boucher,&nbsp,NJD,LW,-56,73, , , , ,,15,14,29,-10,12,165,5,0,0,0,60,26,2
511,Chris Stewart,&nbsp,MIN,RW,-56,68, , , , ,,11,11,22,0,78,102,0,0,0,0,95,14,9
512,Ryan Miller,&nbsp,VAN,G,-57,49,0.918,2.55,16,0,, , , , , , , , , , , , ,
513,Daniel Pribyl,&nbsp,CGY,RW,-57,66, , , , ,,8,21,29,0,12,67,1,9,0,0,79,33,0
514,Matt Calvert,&nbsp,CBJ,LW,-57,62, , , , ,,12,13,25,-10,50,108,2,0,0,0,93,31,5
515,Jesper Fast,&nbsp,NYR,RW,-57,74, , , , ,,9,18,27,0,20,75,2,0,0,0,115,52,3
516,Dylan DeMelo,&nbsp,SJS,D,-58,62, , , , ,,2,10,12,10,28,42,0,4,0,0,62,56,0
517,Alexey Marchenko,&nbsp,DET,D,-58,70, , , , ,,2,13,15,0,18,31,0,0,1,0,49,97,0
518,Scott Mayfield,&nbsp,NYI,D,-58,47, , , , ,,0,6,6,0,67,0,0,0,0,0,104,75,0
519,Ryan Dzingel,&nbsp,OTT,LW,-58,73, , , , ,,13,16,29,10,24,100,0,0,0,0,110,18,5
520,Kevin Fiala,&nbsp,NSH,LW,-58,71, , , , ,,10,18,28,0,52,140,0,0,0,0,23,36,0
521,Radek Faksa,&nbsp,DAL,C,-59,69, , , , ,,10,18,28,10,26,134,2,0,0,0,86,50,302
522,Bryan Rust,&nbsp,PIT,RW,-59,58, , , , ,,7,18,25,10,16,143,1,0,0,0,88,28,1
523,Xavier Ouellet,&nbsp,DET,D,-59,66, , , , ,,2,14,16,0,32,35,0,0,0,0,66,50,0
524,Alex Burrows,&nbsp,VAN,LW/RW,-60,66, , , , ,,11,11,22,-10,54,132,1,0,1,0,68,30,13
525,Kyle Quincey,&nbsp,NJD,D,-60,67, , , , ,,3,14,17,0,69,70,1,0,0,0,0,0,0
526,Phillip Danault,&nbsp,MTL,LW,-60,67, , , , ,,6,15,21,10,28,111,2,0,0,0,60,35,320
527,Jon Merrill,&nbsp,NJD,D,-60,62, , , , ,,2,12,14,-10,26,49,1,0,0,0,63,69,0
528,Keith Kinkaid,&nbsp,NJD,G,-61,20,0.919,2.44,8,1,, , , , , , , , , , , , ,
529,Matt Moulson,&nbsp,BUF,LW,-61,80, , , , ,,11,18,29,0,14,111,2,7,0,0,40,22,5
530,Scott Laughton,&nbsp,PHI,C,-61,71, , , , ,,9,20,29,0,45,136,0,0,0,0,100,28,212
531,John Mitchell,&nbsp,COL,C,-61,71, , , , ,,11,12,23,-10,40,108,2,0,1,0,116,53,386
532,Oscar Lindberg,&nbsp,NYR,C,-62,64, , , , ,,12,16,28,10,40,107,2,0,0,0,125,33,126
533,Riley Sheahan,&nbsp,DET,C,-62,79, , , , ,,15,18,33,0,14,129,1,0,0,0,70,39,427
534,Artturi Lehkonen,&nbsp,MTL,LW,-62,71, , , , ,,16,15,31,0,24,133,1,9,0,0,0,0,0
535,Marian Gaborik,&nbsp,LAK,RW,-63,58, , , , ,,11,18,29,10,16,92,1,7,0,0,36,20,1
536,Beau Bennett,&nbsp,NJD,LW/RW,-63,53, , , , ,,11,13,24,-10,14,134,2,6,0,0,80,14,2
537,J.T. Compher,&nbsp,COL,RW,-64,55, , , , ,,8,19,27,0,14,67,1,8,0,0,69,33,0
538,Jimmy Howard,&nbsp,DET,G,-64,34,0.915,2.44,13,1,, , , , , , , , , , , , ,
539,Jamie Oleksiak,&nbsp,DAL,D,-64,38, , , , ,,1,7,8,10,30,54,0,0,0,0,89,52,0
540,Matthew Nieto,&nbsp,SJS,LW,-64,69, , , , ,,10,14,24,20,18,125,1,0,1,1,34,39,2
541,Ryan Garbutt,&nbsp,DAL,C,-65,74, , , , ,,9,10,19,0,57,125,2,0,1,1,152,26,7
542,Jhonas Enroth,&nbsp,TOR,G,-65,26,0.921,2.58,10,1,, , , , , , , , , , , , ,
543,Frank Corrado,&nbsp,TOR,D,-65,58, , , , ,,2,9,11,0,30,49,0,0,0,0,67,61,0
544,Bryan Bickell,&nbsp,CAR,LW,-65,70, , , , ,,10,10,20,-10,24,91,2,0,0,0,179,17,1
545,Yannick Weber,&nbsp,NSH,D,-66,53, , , , ,,2,15,17,0,26,30,0,0,0,0,48,44,0
546,Clarke MacArthur,&nbsp,OTT,LW,-66,41, , , , ,,9,14,23,10,21,68,2,6,1,0,79,21,7
547,Melker Karlsson,&nbsp,SJS,C/LW,-66,71, , , , ,,12,11,23,10,20,102,2,0,0,0,76,53,14
548,Trevor Lewis,&nbsp,LAK,C,-67,74, , , , ,,8,12,20,0,18,146,2,0,1,1,163,30,102
549,William Karlsson,&nbsp,CBJ,C,-67,81, , , , ,,13,19,32,-10,8,148,2,0,0,0,46,48,404
550,Peter Holland,&nbsp,TOR,C,-67,66, , , , ,,11,18,29,0,30,116,2,0,1,0,83,24,276
551,Klas Dahlbeck,&nbsp,CAR,D,-67,51, , , , ,,1,6,7,-10,24,28,0,0,1,0,131,55,0
552,Nick Shore,&nbsp,LAK,C,-67,71, , , , ,,7,10,17,0,30,215,2,0,0,0,103,21,356
553,Michal Rozsival,&nbsp,CHI,D,-68,48, , , , ,,1,8,9,0,30,45,0,0,0,0,72,62,0
554,Milan Michalek,&nbsp,TOR,LW/RW,-68,64, , , , ,,10,17,27,0,30,98,1,0,0,0,51,35,7
555,Alex Tanguay,&nbsp,ARI,LW/RW,-68,62, , , , ,,8,21,29,0,22,47,2,7,1,1,20,10,6
556,Zbynek Michalek,&nbsp,ARI,D,-68,63, , , , ,,2,3,5,-10,18,58,0,0,0,0,79,111,0
557,Jared McCann,&nbsp,FLA,C,-69,74, , , , ,,11,18,29,20,38,130,1,0,0,0,54,26,194
558,Mark Fayne,&nbsp,EDM,D,-69,72, , , , ,,2,3,5,0,24,57,0,0,1,0,55,96,0
559,Joakim Nordstrom,&nbsp,CAR,LW,-69,69, , , , ,,8,13,21,-10,16,108,1,0,1,1,104,31,10
560,Chris Thorburn,&nbsp,WPG,LW/RW,-69,72, , , , ,,5,6,11,0,77,54,2,0,0,0,129,35,41
561,Derek MacKenzie,&nbsp,FLA,C,-70,72, , , , ,,6,5,11,20,42,66,1,0,1,1,173,42,411
562,Torrey Mitchell,&nbsp,MTL,C/RW,-70,65, , , , ,,8,8,16,10,40,76,2,0,1,0,65,36,250
563,Cody Goloubef,&nbsp,CBJ,D,-70,50, , , , ,,1,11,12,-10,20,67,0,0,1,0,47,49,0
564,Gustav Forsling,&nbsp,CHI,D,-70,74, , , , ,,4,18,22,0,18,80,0,0,0,0,0,0,0
565,Joseph Blandisi,&nbsp,NJD,LW,-70,50, , , , ,,8,12,20,-10,52,69,2,5,0,0,75,22,13
566,Andrew Desjardins,&nbsp,CHI,LW,-71,75, , , , ,,6,8,14,0,40,94,1,0,0,0,104,44,189
567,Anton Rodin,&nbsp,VAN,RW,-71,70, , , , ,,12,19,31,0,28,100,1,0,0,0,18,21,0
568,Brian Strait,&nbsp,WPG,D,-71,50, , , , ,,1,3,4,0,30,24,0,0,1,0,95,75,0
569,Shea Theodore,&nbsp,ANA,D,-71,35, , , , ,,5,9,14,10,8,47,2,4,0,0,11,41,0
570,Iiro Pakarinen,&nbsp,EDM,RW,-72,62, , , , ,,6,10,16,0,16,110,0,0,0,0,173,22,5
571,Linus Hultstrom,&nbsp,FLA,D,-72,35, , , , ,,3,9,12,0,14,60,0,0,0,0,35,70,0
572,Michael McCarron,&nbsp,MTL,RW,-74,38, , , , ,,5,5,10,0,45,42,0,0,0,0,191,31,154
573,Andrew Hammond,&nbsp,OTT,G,-74,24,0.922,2.64,9,1,, , , , , , , , , , , , ,
574,Andrew MacDonald,&nbsp,PHI,D,-74,40, , , , ,,2,9,11,10,14,50,1,0,0,0,20,70,0
575,Pierre-edouard Bellemare,&nbsp,PHI,LW,-74,77, , , , ,,7,8,15,0,30,58,1,0,0,0,92,61,312
576,Andy Andreoff,&nbsp,LAK,LW,-74,66, , , , ,,8,6,14,0,78,48,2,0,0,0,98,12,140
577,Brandon Pirri,&nbsp,NYR,C,-74,64, , , , ,,19,14,33,0,26,136,3,8,0,0,0,0,143
578,Jay Beagle,&nbsp,WSH,RW,-74,60, , , , ,,7,12,19,10,22,69,1,0,0,0,76,30,293
579,Chris Tierney,&nbsp,SJS,C,-74,77, , , , ,,9,21,30,0,22,100,2,0,1,1,22,35,327
580,Anton Khudobin,&nbsp,BOS,G,-75,21,0.918,2.53,10,1,, , , , , , , , , , , , ,
581,Chad Johnson,&nbsp,CGY,G,-75,32,0.917,2.47,9,1,, , , , , , , , , , , , ,
582,Anders Nilsson,&nbsp,BUF,G,-76,35,0.919,2.67,14,1,, , , , , , , , , , , , ,
583,Tom Gilbert,&nbsp,LAK,D,-76,64, , , , ,,1,6,7,0,14,25,0,0,0,0,49,111,0
584,Shawn Matthias,&nbsp,WPG,C,-76,75, , , , ,,13,17,30,0,18,111,1,0,1,0,90,34,92
585,Pavel Buchnevich,&nbsp,NYR,LW,-76,58, , , , ,,10,13,23,0,16,83,1,7,0,0,56,22,0
586,Slater Koekkoek,&nbsp,TBL,D,-76,62, , , , ,,3,12,15,10,14,0,0,0,0,0,50,48,0
587,Steve Ott,&nbsp,DET,C/LW,-76,66, , , , ,,3,7,10,0,77,49,0,0,0,0,107,22,253
588,Clayton Stoner,&nbsp,ANA,D,-77,35, , , , ,,0,3,3,0,36,0,0,0,0,0,110,67,0
589,Griffin Reinhart,&nbsp,EDM,D,-77,23, , , , ,,1,3,4,0,10,0,0,0,0,0,125,89,0
590,Michael Grabner,&nbsp,NYR,RW,-77,64, , , , ,,10,10,20,10,12,109,2,0,1,1,43,32,4
591,Jacob Josefson,&nbsp,NJD,C,-77,60, , , , ,,7,14,21,-10,22,107,1,0,4,2,47,41,284
592,Ty Rattie,&nbsp,STL,RW,-77,62, , , , ,,12,14,26,20,16,84,0,0,0,0,60,17,0
593,Kyle Brodziak,&nbsp,STL,C,-78,76, , , , ,,7,8,15,20,41,73,1,0,1,2,67,46,398
594,Patrik Nemeth,&nbsp,DAL,D,-79,46, , , , ,,0,8,8,10,29,0,0,0,0,0,69,53,0
595,Petteri Lindbohm,&nbsp,STL,D,-80,52, , , , ,,1,6,7,0,32,21,0,0,0,0,63,52,0
596,Erik Gustafsson,&nbsp,CHI,D,-80,17, , , , ,,1,5,6,0,8,44,0,2,0,0,38,90,0
597,Paul Byron,&nbsp,MTL,LW,-81,62, , , , ,,9,7,16,10,17,59,1,0,3,1,99,20,16
598,Mirco Mueller,&nbsp,SJS,D,-81,54, , , , ,,1,6,7,0,18,39,0,0,0,0,55,66,0
599,Michael Mersch,&nbsp,LAK,LW,-81,53, , , , ,,7,9,16,0,18,161,0,0,0,0,81,27,3
600,Ryan White,&nbsp,ARI,C,-81,50, , , , ,,7,8,15,-10,83,68,1,0,0,0,138,36,140
601,Brendan Gaunce,&nbsp,VAN,C,-81,70, , , , ,,11,19,30,0,22,92,1,0,0,0,119,21,0
602,Jakub Kindl,&nbsp,FLA,D,-82,40, , , , ,,2,9,11,0,22,47,0,0,0,0,39,26,0
603,Nate Prosser,&nbsp,MIN,D,-83,57, , , , ,,0,6,6,0,38,0,0,0,1,0,34,68,0
604,Jordin Tootoo,&nbsp,CHI,RW,-83,64, , , , ,,4,6,10,0,82,50,0,0,0,0,115,13,0
605,Mikhail Grigorenko,&nbsp,COL,C,-84,72, , , , ,,9,19,28,0,10,114,0,7,0,0,30,31,220
606,Mark Letestu,&nbsp,EDM,C,-84,74, , , , ,,10,11,21,0,12,101,1,0,2,1,63,30,438
607,Austin Watson,&nbsp,NSH,LW,-84,51, , , , ,,6,8,14,0,22,110,0,0,0,0,92,56,5
608,Cory Conacher,&nbsp,TBL,LW,-84,65, , , , ,,9,14,23,0,33,75,1,0,0,0,48,24,0
609,Seth Helgeson,&nbsp,NJD,D,-84,48, , , , ,,1,5,6,0,63,0,0,0,0,0,47,22,0
610,Marcus Kruger,&nbsp,CHI,C,-85,74, , , , ,,7,15,22,0,30,127,1,0,0,0,26,50,375
611,Riley Nash,&nbsp,BOS,C,-85,68, , , , ,,9,18,27,0,18,85,1,0,0,0,74,28,328
612,Frank Vatrano,&nbsp,BOS,C,-85,44, , , , ,,11,11,22,0,18,136,1,0,0,0,117,44,0
613,Chris Bigras,&nbsp,COL,D,-86,40, , , , ,,2,5,7,0,10,42,0,0,0,0,40,69,0
614,Nikita Soshnikov,&nbsp,TOR,RW,-86,40, , , , ,,7,10,17,0,12,116,0,0,0,0,100,22,0
615,Zach Trotman,&nbsp,LAK,D,-86,19, , , , ,,1,3,4,0,8,37,0,0,0,0,85,60,0
616,Derek Forbort,&nbsp,LAK,D,-86,51, , , , ,,1,5,6,0,43,14,0,0,0,0,36,46,0
617,Matt Puempel,&nbsp,OTT,LW,-86,68, , , , ,,9,11,20,10,21,90,2,0,0,0,48,26,2
618,Matthew Carle,&nbsp,TBL,D,-86,67, , , , ,,2,12,14,0,26,61,0,0,0,0,0,0,0
619,Jonas Gustavsson,&nbsp,EDM,G,-87,23,0.918,2.52,7,1,, , , , , , , , , , , , ,
620,Andreas Athanasiou,&nbsp,DET,C,-87,63, , , , ,,14,17,31,-10,16,82,2,0,2,2,29,14,90
621,Dominic Moore,&nbsp,BOS,C/LW,-88,78, , , , ,,6,10,16,0,22,83,2,0,1,1,0,0,470
622,Andrey Pedan,&nbsp,VAN,D,-88,27, , , , ,,1,3,4,0,39,20,0,0,0,0,68,27,0
623,Mikko Rantanen,&nbsp,COL,RW,-88,55, , , , ,,7,11,18,0,24,58,1,5,0,0,55,28,0
624,Zach Redmond,&nbsp,MTL,D,-89,35, , , , ,,2,7,9,0,14,31,0,0,0,0,39,41,0
625,Teemu Pulkkinen,&nbsp,MIN,LW/RW,-89,50, , , , ,,10,11,21,0,22,124,3,0,0,0,10,9,0
626,Sergey Kalinin,&nbsp,NJD,C,-90,77, , , , ,,7,12,19,-10,41,61,2,0,0,0,144,29,132
627,Anton Lander,&nbsp,EDM,C,-90,64, , , , ,,6,16,22,0,20,114,2,0,0,0,61,18,343
628,Brandon Bollig,&nbsp,CGY,LW,-91,51, , , , ,,1,5,6,0,99,23,0,0,0,0,110,17,2
629,Tyler Chorney,&nbsp,WSH,D,-91,41, , , , ,,2,4,6,0,18,40,0,0,0,0,42,43,0
630,Matt Cullen,&nbsp,PIT,C,-91,74, , , , ,,11,14,25,0,18,114,2,0,2,1,0,0,393
631,Adam Clendening,&nbsp,NYR,D,-91,30, , , , ,,2,5,7,0,12,60,0,2,0,0,17,34,0
632,Chris Higgins,&nbsp,VAN,LW,-92,70, , , , ,,11,17,28,0,20,92,1,0,0,0,0,0,0
633,Mark Barberio,&nbsp,MTL,D,-92,18, , , , ,,1,7,8,10,4,17,0,2,0,0,32,45,0
634,Alex Biega,&nbsp,VAN,D,-92,25, , , , ,,1,3,4,0,6,68,1,0,0,0,61,23,0
635,Zach Hyman,&nbsp,TOR,C,-93,74, , , , ,,9,16,25,0,20,83,0,0,0,0,111,37,5
636,Jay McClement,&nbsp,CAR,C,-93,79, , , , ,,5,10,15,-10,28,71,1,0,1,0,80,50,527
637,Ryan Reaves,&nbsp,STL,RW,-93,49, , , , ,,1,2,3,0,55,10,0,0,0,0,221,11,2
638,Jordan Oesterle,&nbsp,EDM,D,-93,22, , , , ,,1,5,6,0,6,0,0,0,0,0,43,83,0
639,Matt Stajan,&nbsp,CGY,C,-94,67, , , , ,,8,8,16,0,32,52,1,0,2,1,68,36,399
640,Tomas Jurco,&nbsp,DET,RW,-94,57, , , , ,,8,7,15,0,18,113,0,0,0,0,86,10,0
641,Alan Quine,&nbsp,NYI,C,-94,63, , , , ,,10,14,24,0,26,83,1,0,0,0,95,38,0
642,Dennis Seidenberg,&nbsp,BOS,D,-95,64, , , , ,,1,11,12,0,22,44,0,0,0,0,0,0,0
643,Reece Scarlett,&nbsp,NJD,D,-96,20, , , , ,,1,3,4,0,10,20,0,0,0,0,58,52,0
644,Chris Kelly,&nbsp,OTT,C,-96,68, , , , ,,5,9,14,10,38,53,1,0,1,1,75,46,261
645,Brad Malone,&nbsp,CAR,C,-96,61, , , , ,,3,8,11,20,78,28,1,0,0,0,145,14,46
646,Stanislav Galiev,&nbsp,WSH,RW,-96,47, , , , ,,6,6,12,10,10,192,0,0,0,0,31,9,0
647,Jake Virtanen,&nbsp,VAN,RW,-97,35, , , , ,,6,7,13,-10,38,81,1,0,0,0,82,14,1
648,Rob Scuderi,&nbsp,CHI,D,-97,40, , , , ,,0,4,4,0,8,0,0,0,0,0,35,88,0
649,Chris Wagner,&nbsp,ANA,C,-97,60, , , , ,,5,6,11,0,45,78,1,0,0,0,135,34,209
650,Petter Granberg,&nbsp,NSH,D,-97,20, , , , ,,0,4,4,0,6,0,0,0,0,0,86,44,0
651,Tyler Wotherspoon,&nbsp,CGY,D,-98,40, , , , ,,0,8,8,0,6,0,0,0,0,0,34,54,0
652,Madison Bowey,&nbsp,WSH,D,-98,23, , , , ,,2,5,7,0,10,40,0,0,0,0,35,23,0
653,Curtis Mckenzie,&nbsp,DAL,LW,-99,46, , , , ,,6,10,16,0,57,66,0,0,0,0,34,5,4
654,Colton Sissons,&nbsp,NSH,C,-99,74, , , , ,,7,13,20,0,30,53,0,0,0,0,76,44,306
655,Gregory Campbell,&nbsp,CBJ,C,-99,79, , , , ,,3,7,10,-10,56,36,1,0,1,1,96,49,313
656,Jared Boll,&nbsp,ANA,RW,-99,50, , , , ,,1,5,6,0,92,17,0,0,0,0,89,13,1
657,Andrej Nestrasil,&nbsp,CAR,C,-99,62, , , , ,,11,18,29,-10,18,129,1,0,0,0,30,15,36
658,Mike Reilly,&nbsp,MIN,D,-99,24, , , , ,,2,7,9,0,8,54,0,0,0,0,5,19,0
659,Scott Harrington,&nbsp,TOR,D,-99,32, , , , ,,1,4,5,0,18,0,0,0,0,0,49,40,0
660,Christian Folin,&nbsp,MIN,D,-101,30, , , , ,,0,7,7,0,14,0,0,0,0,0,38,32,0
661,Paul Postma,&nbsp,WPG,D,-101,36, , , , ,,3,2,5,0,8,50,1,0,0,0,20,28,0
662,Jeff Zatkoff,&nbsp,LAK,G,-101,17,0.916,2.47,6,0,, , , , , , , , , , , , ,
663,Andrew Copp,&nbsp,WPG,C,-101,78, , , , ,,9,11,20,0,24,75,0,0,0,0,98,18,230
664,Stefan Elliott,&nbsp,NSH,D,-102,30, , , , ,,1,9,10,0,8,16,0,0,0,0,10,26,0
665,Scottie Upshall,&nbsp,STL,RW,-102,47, , , , ,,4,6,10,0,32,51,1,0,1,0,90,16,18
666,Nathan Gerbe,&nbsp,NYR,LW,-102,39, , , , ,,5,8,13,10,18,93,1,0,0,0,59,15,2
667,Brock McGinn,&nbsp,CAR,LW,-102,45, , , , ,,7,7,14,-10,27,58,0,0,0,0,96,21,0
668,Markus Granlund,&nbsp,VAN,C,-103,63, , , , ,,7,14,21,-10,16,57,1,0,2,1,48,29,261
669,Matt Tennyson,&nbsp,CAR,D,-103,25, , , , ,,1,5,6,0,6,20,0,0,1,0,31,23,0
670,Anton Forsberg,&nbsp,CBJ,G,-103,16,0.921,2.71,8,0,, , , , , , , , , , , , ,
671,Jordan Nolan,&nbsp,LAK,C/LW,-104,59, , , , ,,3,6,9,0,50,38,1,0,0,0,98,9,1
672,Andrew Miller,&nbsp,CAR,C/RW,-104,70, , , , ,,3,4,7,0,17,51,0,0,0,0,95,66,65
673,Louis Domingue,&nbsp,ARI,G,-105,28,0.917,2.69,10,2,, , , , , , , , , , , , ,
674,Erik Condra,&nbsp,TBL,RW,-106,50, , , , ,,5,8,13,10,30,59,0,0,1,1,19,15,1
675,Mikhail Grabovski,&nbsp,NYI,C/RW,-106,40, , , , ,,8,8,16,0,20,63,1,0,0,0,20,16,145
676,Josh Morrissey,&nbsp,WPG,D,-108,20, , , , ,,1,6,7,0,4,20,0,0,0,0,25,15,0
677,Brooks Laich,&nbsp,TOR,C,-108,66, , , , ,,6,8,14,-10,22,100,1,0,1,0,98,28,129
678,Ville Pokka,&nbsp,CHI,D,-111,20, , , , ,,1,5,6,0,6,20,0,0,0,0,12,20,0
679,Michael Kostka,&nbsp,OTT,D,-111,19, , , , ,,1,3,4,0,6,16,0,0,0,0,24,29,0
680,Brian Flynn,&nbsp,MTL,C,-112,64, , , , ,,4,12,16,10,8,69,0,0,2,1,36,44,180
681,Robbie Russo,&nbsp,DET,D,-112,18, , , , ,,1,4,5,0,6,20,0,0,0,0,23,14,0
682,Jamie McBain,&nbsp,ARI,D,-112,26, , , , ,,1,6,7,-10,6,13,0,0,0,0,11,24,0
683,Mike Condon,&nbsp,PIT,G,-114,3,0.92,2.33,1,0,, , , , , , , , , , , , ,
684,Curtis McElhinney,&nbsp,CBJ,G,-114,8,0.921,2.38,1,0,, , , , , , , , , , , , ,
685,Colin Greening,&nbsp,TOR,C,-114,45, , , , ,,6,9,15,0,18,88,0,0,0,0,122,15,14
686,David Musil,&nbsp,EDM,D,-115,8, , , , ,,0,1,1,0,2,0,0,0,0,0,49,35,0
687,Laurent Dauphin,&nbsp,ARI,C,-116,60, , , , ,,3,6,9,0,42,21,0,0,0,0,98,57,240
688,Mike Brown,&nbsp,MTL,RW,-116,35, , , , ,,1,3,4,0,64,27,0,0,0,0,70,10,3
689,Shawn Thornton,&nbsp,FLA,LW/RW,-117,48, , , , ,,0,3,3,10,75,0,0,0,0,0,75,3,4
690,Chris VandeVelde,&nbsp,PHI,C,-117,74, , , , ,,3,8,11,0,29,42,0,0,0,0,120,56,19
691,Scott Darling,&nbsp,CHI,G,-117,14,0.921,2.58,5,0,, , , , , , , , , , , , ,
692,Jayce Hawryluk,&nbsp,FLA,RW,-119,19, , , , ,,5,6,11,0,18,42,0,0,0,0,70,10,0
693,Carter Hutton,&nbsp,STL,G,-119,23,0.911,2.52,10,1,, , , , , , , , , , , , ,
694,Daniel Carr,&nbsp,MTL,LW,-119,35, , , , ,,7,9,16,0,8,46,1,0,0,0,38,8,0
695,Jared Cowen,&nbsp,TOR,D,-119,0, , , , ,,0,0,0,0,0,0,0,0,0,0,53,23,0
696,Dennis Rasmussen,&nbsp,CHI,C,-120,55, , , , ,,7,8,15,0,22,74,2,0,0,0,45,25,180
697,Brandon Mashinter,&nbsp,CHI,LW,-120,50, , , , ,,3,5,8,0,44,21,0,0,0,0,72,5,0
698,Lars Johansson,&nbsp,CHI,G,-120,15,0.917,2.69,8,1,, , , , , , , , , , , , ,
699,Casey Nelson,&nbsp,BUF,D,-121,15, , , , ,,1,3,4,0,4,0,0,0,0,0,11,15,0
700,Chris Driedger,&nbsp,OTT,G,-121,4,0.919,2.5,1,0,, , , , , , , , , , , , ,
701,Mason Raymond,&nbsp,CGY,LW,-121,51, , , , ,,6,8,14,0,10,61,1,0,0,0,20,12,3
702,Kerby Rychel,&nbsp,TOR,LW,-122,18, , , , ,,2,5,7,0,16,36,0,0,0,0,92,22,0
703,Jonathan Bernier,&nbsp,ANA,G,-122,20,0.914,2.67,11,1,, , , , , , , , , , , , ,
704,Hudson Fasching,&nbsp,BUF,RW,-122,35, , , , ,,7,6,13,0,8,63,0,0,0,0,40,5,0
705,Kyle Connor,&nbsp,WPG,LW,-123,21, , , , ,,7,5,12,0,8,58,1,4,0,0,13,8,0
706,Linden Vey,&nbsp,CGY,RW,-124,37, , , , ,,5,9,14,0,6,39,1,0,0,0,10,10,128
707,Boyd Gordon,&nbsp,PHI,C,-124,62, , , , ,,3,4,7,0,12,37,0,0,1,1,28,48,614
708,Zac Rinaldo,&nbsp,BOS,C/LW/RW,-125,16, , , , ,,0,2,2,0,29,0,0,0,0,0,136,13,0
709,Mikhail Sergachev,&nbsp,MTL,D,-127,7, , , , ,,1,1,2,0,2,20,0,0,0,0,0,0,0
710,Tanner Glass,&nbsp,NYR,LW,-128,9, , , , ,,0,1,1,10,15,0,0,0,0,0,147,14,1
711,Luke Gazdic,&nbsp,NJD,LW,-128,35, , , , ,,1,2,3,-10,63,15,0,0,0,0,55,12,1
712,Jordan Schmaltz,&nbsp,STL,D,-128,10, , , , ,,0,2,2,0,0,0,0,0,0,0,8,9,0
713,Michael Latta,&nbsp,LAK,C,-129,47, , , , ,,2,7,9,0,57,30,0,0,0,0,68,11,134
714,Nick Paul,&nbsp,OTT,LW,-129,35, , , , ,,2,5,7,0,22,28,0,0,0,0,53,13,45
715,Josh Leivo,&nbsp,TOR,LW,-130,32, , , , ,,5,8,13,0,8,42,0,4,0,0,0,0,0
716,Cam Ward,&nbsp,CAR,G,-131,44,0.907,2.62,17,1,, , , , , , , , , , , , ,
717,Logan Shaw,&nbsp,FLA,RW,-133,21, , , , ,,4,2,6,0,12,58,1,0,0,0,35,8,6
718,Justin Fontaine,&nbsp,NYR,RW,-135,40, , , , ,,3,11,14,0,12,26,0,0,0,0,0,0,1
719,Jordan Weal,&nbsp,PHI,C,-135,56, , , , ,,7,10,17,0,22,58,1,0,0,0,20,14,0
720,Nicklas Grossmann,&nbsp,CGY,D,-136,0, , , , ,,0,0,0,0,0,0,0,0,0,0,0,0,0
721,Mike Weber,&nbsp,STL,D,-136,0, , , , ,,0,0,0,0,0,0,0,0,0,0,0,0,0
722,Matt Bartkowski,&nbsp,OTT,D,-136,0, , , , ,,0,0,0,0,0,0,0,0,0,0,0,0,0
723,Korbinian Holzer,&nbsp,ANA,D,-136,0, , , , ,,0,0,0,0,0,0,0,0,0,0,0,0,0
724,Eric Gryba,&nbsp,EDM,D,-136,0, , , , ,,0,0,0,0,0,0,0,0,0,0,0,0,0
725,Barret Jackman,&nbsp,NSH,D,-136,0, , , , ,,0,0,0,0,0,0,0,0,0,0,0,0,0
726,Seth Griffith,&nbsp,TOR,C/RW,-141,29, , , , ,,3,7,10,0,8,18,1,0,0,0,7,5,3
727,Anthony Peluso,&nbsp,WPG,RW,-143,26, , , , ,,0,2,2,0,35,0,0,0,0,0,50,2,0
728,Anthony Mantha,&nbsp,DET,RW,-144,18, , , , ,,3,4,7,0,6,27,2,0,0,0,9,5,0
729,Magnus Paajarvi,&nbsp,STL,LW,-144,15, , , , ,,2,2,4,0,2,35,0,0,0,0,46,17,0
730,Rocco Grimaldi,&nbsp,COL,C,-145,37, , , , ,,2,11,13,-10,10,24,0,0,0,0,69,15,73
731,David Clarkson,&nbsp,CBJ,RW,-145,18, , , , ,,2,2,4,-10,20,26,0,0,0,0,35,6,4
732,Borna Rendulic,&nbsp,VAN,RW,-146,23, , , , ,,2,3,5,0,8,14,0,0,0,0,38,10,0
733,Marek Mazanec,&nbsp,NSH,G,-147,17,0.913,2.67,7,1,, , , , , , , , , , , , ,
734,Joe Vitale,&nbsp,DET,C/RW,-148,20, , , , ,,1,2,3,-10,8,24,0,0,0,0,31,13,88
735,Chris Terry,&nbsp,MTL,LW/RW,-149,7, , , , ,,0,2,2,10,0,0,0,0,0,0,56,19,0
736,Jakub Vrana,&nbsp,WSH,RW,-149,15, , , , ,,2,4,6,0,4,17,0,2,0,0,11,4,0
737,Dave Bolland,&nbsp,ARI,C,-150,26, , , , ,,2,6,8,0,18,18,0,0,0,1,32,12,186
738,Michael Chaput,&nbsp,VAN,C/LW,-150,15, , , , ,,1,3,4,0,4,20,0,0,0,0,27,9,61
739,Nikolay Goldobin,&nbsp,SJS,LW,-150,22, , , , ,,3,5,8,0,4,21,0,0,0,0,6,3,0
740,Connor Brickley,&nbsp,CAR,C,-150,17, , , , ,,1,3,4,0,6,13,1,0,0,0,134,17,0
741,Joffrey Lupul,&nbsp,TOR,LW/RW,-152,0, , , , ,,0,0,0,0,0,0,0,0,0,0,72,21,0
742,Oskar Sundqvist,&nbsp,PIT,C,-153,13, , , , ,,1,2,3,20,4,13,1,0,1,1,63,18,46
743,Alex Tuch,&nbsp,MIN,RW,-153,11, , , , ,,2,2,4,0,4,17,0,1,0,0,17,3,0
744,Danton Heinen,&nbsp,BOS,C,-156,37, , , , ,,4,12,16,0,8,33,0,0,0,0,0,0,0
745,Tomas Nosek,&nbsp,DET,LW,-157,15, , , , ,,1,2,3,0,2,8,0,0,0,0,23,4,61
746,Sonny Milano,&nbsp,CBJ,LW,-158,15, , , , ,,2,4,6,0,2,0,0,0,0,0,8,5,0
747,Nicklas Jensen,&nbsp,NYR,LW/RW,-159,8, , , , ,,1,1,2,0,0,8,0,0,0,0,19,14,0
748,Anton Slepyshev,&nbsp,EDM,LW,-159,18, , , , ,,0,4,4,0,2,0,0,0,0,0,21,2,2
749,Martin Reway,&nbsp,MTL,LW,-159,0, , , , ,,0,0,0,0,0,0,0,0,0,0,48,15,0
750,Matthew Tkachuk,&nbsp,CGY,LW,-162,9, , , , ,,1,2,3,0,6,8,0,1,0,0,0,0,0
751,Mitchell Moroz,&nbsp,EDM,LW,-164,8, , , , ,,0,1,1,0,7,0,0,0,0,0,20,2,0
752,Jordan Schroeder,&nbsp,MIN,C,-165,30, , , , ,,3,5,8,0,2,39,0,0,0,0,20,11,45
753,Joonas Korpisalo,&nbsp,CBJ,G,-166,12,0.919,2.9,6,1,, , , , , , , , , , , , ,
754,Nick Schmaltz,&nbsp,CHI,C,-167,20, , , , ,,2,7,9,0,6,17,0,0,0,0,14,5,81
755,Tuomo Ruutu,&nbsp,VAN,LW/RW,-169,0, , , , ,,0,0,0,0,8,0,0,0,0,0,0,0,0
756,Noel Acciari,&nbsp,BOS,C,-169,22, , , , ,,1,3,4,0,10,0,0,0,0,0,60,5,69
757,Kalle Kossila,&nbsp,ANA,C,-169,20, , , , ,,3,5,8,0,4,25,0,0,0,0,10,5,81
758,Cody Hodgson,&nbsp,BUF,C/RW,-170,0, , , , ,,0,0,0,0,0,0,0,0,0,0,5,5,0
759,Valeri Nichushkin,&nbsp,DAL,RW,-172,0, , , , ,,0,0,0,0,0,0,0,0,0,0,0,0,0
760,Steve Bernier,&nbsp,NYI,RW,-172,0, , , , ,,0,0,0,0,0,0,0,0,0,0,0,0,0
761,Stephen Gionta,&nbsp,NYI,C/RW,-172,0, , , , ,,0,0,0,0,0,0,0,0,0,0,0,0,0
762,Lauri Korpikoski,&nbsp,DAL,LW/RW,-172,0, , , , ,,0,0,0,0,0,0,0,0,0,0,0,0,0
763,Johan Franzen,&nbsp,DET,LW/RW,-172,0, , , , ,,0,0,0,0,0,0,0,0,0,0,0,0,0
764,Gabriel Bourque,&nbsp,COL,LW/RW,-172,0, , , , ,,0,0,0,0,0,0,0,0,0,0,0,0,0
765,Eric Nystrom,&nbsp,NSH,LW/RW,-172,0, , , , ,,0,0,0,0,0,0,0,0,0,0,0,0,0
766,David Jones,&nbsp,ANA,RW,-172,0, , , , ,,0,0,0,0,0,0,0,0,0,0,0,0,0
767,Cody McCormick,&nbsp,BUF,C/LW/RW,-172,0, , , , ,,0,0,0,0,0,0,0,0,0,0,0,0,0
768,Brad Boyes,&nbsp,FLA,C/RW,-172,0, , , , ,,0,0,0,0,0,0,0,0,0,0,0,0,0
769,Tomas Fleischmann,&nbsp,MIN,LW,-173,0, , , , ,,0,0,0,0,0,0,0,0,0,0,0,0,0
770,Ryan Carter,&nbsp,MIN,C/LW,-173,0, , , , ,,0,0,0,0,0,0,0,0,0,0,0,0,0
771,Paul Gaustad,&nbsp,NSH,C/LW,-173,0, , , , ,,0,0,0,0,0,0,0,0,0,0,0,0,0
772,Patrik Elias,&nbsp,NJD,C/LW,-173,0, , , , ,,0,0,0,0,0,0,0,0,0,0,0,0,0
773,Lucas Lessio,&nbsp,LAK,LW,-173,0, , , , ,,0,0,0,0,0,0,0,0,0,0,0,0,0
774,Jiri Tlusty,&nbsp,COL,LW,-173,0, , , , ,,0,0,0,0,0,0,0,0,0,0,0,0,0
775,Brandon Prust,&nbsp,TOR,C/LW,-173,0, , , , ,,0,0,0,0,0,0,0,0,0,0,0,0,0
776,Nick Spaling,&nbsp,SJS,C/LW,-173,0, , , , ,,0,0,0,0,0,0,0,0,0,0,0,0,0
777,Mattias Janmark,&nbsp,DAL,C,-175,12, , , , ,,1,4,5,10,2,7,0,0,0,0,11,21,15
778,Reto Berra,&nbsp,FLA,G,-177,11,0.916,2.89,5,1,, , , , , , , , , , , , ,
779,Nate Thompson,&nbsp,ANA,C,-182,10, , , , ,,0,2,2,0,6,0,0,0,0,0,24,7,61
780,Mathew Barzal,&nbsp,NYI,C,-186,7, , , , ,,0,3,3,0,2,0,0,1,0,0,7,3,28
781,Travis Konecny,&nbsp,PHI,C,-187,9, , , , ,,0,3,3,0,2,0,0,1,0,0,0,0,36
782,Josh Jooris,&nbsp,NYR,C,-189,3, , , , ,,0,1,1,0,0,0,0,0,0,0,18,9,10
783,Tyler Graovac,&nbsp,MIN,C,-189,10, , , , ,,0,2,2,0,0,0,0,0,0,0,10,2,41
784,Pierre-Luc Dubois,&nbsp,CBJ,C,-193,2, , , , ,,0,1,1,0,2,0,0,0,0,0,3,1,8
785,Vladimir Sobotka,&nbsp,STL,C,-197,0, , , , ,,0,0,0,0,0,0,0,0,0,0,0,0,0
786,Shawn Horcoff,&nbsp,ANA,C,-197,0, , , , ,,0,0,0,0,0,0,0,0,0,0,0,0,0
787,Kyle Chipchura,&nbsp,ARI,C,-197,0, , , , ,,0,0,0,0,0,0,0,0,0,0,0,0,0
788,Jarret Stoll,&nbsp,MIN,C,-197,0, , , , ,,0,0,0,0,0,0,0,0,0,0,0,0,0
789,David Legwand,&nbsp,BUF,C,-197,0, , , , ,,0,0,0,0,0,0,0,0,0,0,0,0,0
790,Scott Wedgewood,&nbsp,NJD,G,-198,7,0.921,3,3,1,, , , , , , , , , , , , ,
791,Ondrej Pavelec,&nbsp,WPG,G,-223,15,0.91,2.92,6,0,, , , , , , , , , , , , ,
792,Linus Ullmark,&nbsp,BUF,G,-264,8,0.919,3.33,3,0,, , , , , , , , , , , , ,
793,Ville Husso,&nbsp,STL,G,-333,6,0.91,3.5,4,1,, , , , , , , , , , , , ,
794,Juuse Saros,&nbsp,NSH,G,-480,4,0.917,4.5,2,1,, , , , , , , , , , , , ,
795,Kevin Boyle,&nbsp,ANA,G,-514,5,0.907,4.33,2,1,, , , , , , , , , , , , ,
796,Jean-Francois Berube,&nbsp,LAK,G,-945,3,0.917,7,2,0,, , , , , , , , , , , , ,
797,Aaron Dell,&nbsp,SJS,G,-5592,20,0,0,8,0,, , , , , , , , , , , , ,
798,Laurent Brossoit,&nbsp,EDM,G,-7995,3, 0.899,7,1,0,, , , , , , , , , , , , ,
